-- ============================================================
-- CloudDesk 企业级种子数据
-- 生成时间: 2026-05-24 14:30:15
-- 数据规模: 100 客户 + 500 订单 + 300 工单 + 150 审批
-- ============================================================

-- 清空现有数据
TRUNCATE TABLE business.approvals CASCADE;
TRUNCATE TABLE business.tickets CASCADE;
TRUNCATE TABLE business.orders CASCADE;
TRUNCATE TABLE business.customers CASCADE;

-- ============================================================
-- 插入 100 条客户数据
-- ============================================================
INSERT INTO business.customers (customer_id, name, contact_name, email, phone, risk_level, plan, status, created_at, updated_at, last_active_at) VALUES
('C00001', '上海卓越信息技术公司', '高涛', '高涛@sh卓越信息.com', '13881238549', 'high', 'enterprise', 'active', '2026-03-04 16:20:49', '2026-05-08 14:38:52', '2026-05-08 14:38:52'),
('C00002', '青岛华美互联网公司', '张秀英', '张秀英@青岛华美互联.com', '19296540938', 'low', 'basic', 'active', '2026-03-29 12:12:06', '2026-04-16 12:08:51', '2026-04-16 12:08:51'),
('C00003', '厦门智联电子商务公司', '周超', '周超@厦门智联电子.com', '19291132762', 'low', 'basic', 'active', '2026-04-21 15:58:32', '2026-05-04 15:37:54', '2026-05-04 15:37:54'),
('C00004', '成都恒通云计算公司', '郭磊', '郭磊@成都恒通云计.com', '17896162188', 'medium', 'basic', 'active', '2026-03-11 14:12:36', '2026-04-01 09:23:31', '2026-04-01 09:23:31'),
('C00005', '青岛创新科技有限公司', '王超', '王超@青岛创新科技.com', '15230965985', 'low', 'enterprise', 'inactive', '2026-04-15 12:25:51', '2026-04-28 17:34:56', '2026-04-28 17:34:56'),
('C00006', '上海金石云计算公司', '刘军', '刘军@sh金石云计.com', '17563861647', 'low', 'pro', 'active', '2026-03-25 11:14:45', '2026-04-11 14:10:34', '2026-04-11 14:10:34'),
('C00007', '上海海纳信息技术公司', '黄磊', '黄磊@sh海纳信息.com', '19456017086', 'high', 'pro', 'active', '2026-03-09 15:19:10', '2026-05-13 10:30:49', '2026-05-13 10:30:49'),
('C00008', '西安鼎盛互联网公司', '刘军', '刘军@西安鼎盛互联.com', '18970185606', 'low', 'basic', 'active', '2026-03-13 12:18:47', '2026-03-17 14:57:32', '2026-03-17 14:57:32'),
('C00009', '郑州卓越网络科技公司', '郭静', '郭静@郑州卓越网络.com', '15584678993', 'low', 'pro', 'active', '2026-04-16 18:28:02', '2026-05-06 14:10:03', '2026-05-06 14:10:03'),
('C00010', '深圳数智咨询服务公司', '高芳', '高芳@sz数智咨询.com', '15305159448', 'medium', 'basic', 'inactive', '2026-02-28 10:37:55', '2026-05-22 11:59:09', '2026-05-22 11:59:09'),
('C00011', '北京远航智能科技公司', '林明', '林明@bj远航智能.com', '15950254495', 'low', 'basic', 'active', '2026-03-07 15:47:58', '2026-05-01 18:09:24', '2026-05-01 18:09:24'),
('C00012', '西安鼎盛互联网公司', '罗军', '罗军@西安鼎盛互联.com', '18533510885', 'medium', 'basic', 'active', '2026-03-23 11:34:06', '2026-05-11 18:02:10', '2026-05-11 18:02:10'),
('C00013', '西安宏图互联网公司', '陈丽', '陈丽@西安宏图互联.com', '15210645440', 'medium', 'basic', 'active', '2026-04-06 17:25:58', '2026-05-01 11:06:00', '2026-05-01 11:06:00'),
('C00014', '上海腾跃网络科技公司', '张敏', '张敏@sh腾跃网络.com', '17478124517', 'low', 'basic', 'active', '2026-03-03 06:50:47', '2026-05-06 11:16:58', '2026-05-06 11:16:58'),
('C00015', '济南瑞达软件开发公司', '王明', '王明@济南瑞达软件.com', '15543956837', 'low', 'enterprise', 'active', '2026-02-27 12:20:15', '2026-04-15 09:10:16', '2026-04-15 09:10:16'),
('C00016', '重庆金石信息技术公司', '罗磊', '罗磊@重庆金石信息.com', '18182463437', 'medium', 'basic', 'active', '2026-03-16 13:06:26', '2026-03-31 11:20:06', '2026-03-31 11:20:06'),
('C00017', '长沙卓越数据服务公司', '罗杰', '罗杰@长沙卓越数据.com', '13782764160', 'low', 'pro', 'active', '2026-04-06 10:20:18', '2026-05-15 21:43:18', '2026-05-15 21:43:18'),
('C00018', '重庆鼎盛智能科技公司', '陈静', '陈静@重庆鼎盛智能.com', '18989420916', 'medium', 'basic', 'active', '2026-04-12 09:43:14', '2026-04-28 08:17:32', '2026-04-28 08:17:32'),
('C00019', '杭州瑞达信息技术公司', '刘霞', '刘霞@hz瑞达信息.com', '18984192851', 'low', 'pro', 'inactive', '2026-04-07 17:45:39', '2026-05-18 11:50:01', '2026-05-18 11:50:01'),
('C00020', '北京星辰数据服务公司', '朱明', '朱明@bj星辰数据.com', '13512832366', 'low', 'pro', 'active', '2026-03-19 17:47:17', '2026-05-20 11:14:55', '2026-05-20 11:14:55'),
('C00021', '西安鼎盛智能科技公司', '胡艳', '胡艳@西安鼎盛智能.com', '18561077744', 'medium', 'basic', 'active', '2026-04-08 15:49:54', '2026-04-28 17:38:05', '2026-04-28 17:38:05'),
('C00022', '青岛锦绣信息技术公司', '孙军', '孙军@青岛锦绣信息.com', '13206619830', 'low', 'basic', 'active', '2026-03-05 10:40:32', '2026-05-07 03:54:31', '2026-05-07 03:54:31'),
('C00023', '青岛飞扬咨询服务公司', '赵强', '赵强@青岛飞扬咨询.com', '17163467358', 'high', 'basic', 'active', '2026-04-09 10:31:26', '2026-04-23 16:55:01', '2026-04-23 16:55:01'),
('C00024', '广州海纳智能科技公司', '朱静', '朱静@gz海纳智能.com', '18162322655', 'low', 'basic', 'active', '2026-04-14 19:38:19', '2026-04-16 17:15:43', '2026-04-16 17:15:43'),
('C00025', '郑州云端智能科技公司', '徐伟', '徐伟@郑州云端智能.com', '19335081631', 'high', 'pro', 'active', '2026-03-27 15:05:07', '2026-04-15 14:56:35', '2026-04-15 14:56:35'),
('C00026', '南京瑞达云计算公司', '郭芳', '郭芳@南京瑞达云计.com', '13198542407', 'high', 'basic', 'active', '2026-03-17 09:01:38', '2026-03-18 09:11:01', '2026-03-18 09:11:01'),
('C00027', '重庆数智科技有限公司', '何静', '何静@重庆数智科技.com', '13599084226', 'low', 'basic', 'inactive', '2026-03-25 14:13:51', '2026-04-22 16:59:21', '2026-04-22 16:59:21'),
('C00028', '厦门恒通云计算公司', '徐勇', '徐勇@厦门恒通云计.com', '17771868146', 'low', 'enterprise', 'active', '2026-03-02 17:20:37', '2026-04-08 10:33:47', '2026-04-08 10:33:47'),
('C00029', '北京鼎盛智能科技公司', '何强', '何强@bj鼎盛智能.com', '15199676230', 'medium', 'basic', 'active', '2026-04-22 16:58:40', '2026-04-23 17:13:49', '2026-04-23 17:13:49'),
('C00030', '深圳云端智能科技公司', '胡超', '胡超@sz云端智能.com', '19755699759', 'low', 'basic', 'active', '2026-04-15 13:39:47', '2026-04-20 13:33:38', '2026-04-20 13:33:38'),
('C00031', '北京鼎盛软件开发公司', '周娜', '周娜@bj鼎盛软件.com', '18675964753', 'low', 'enterprise', 'active', '2026-03-04 09:55:28', '2026-04-29 09:17:46', '2026-04-29 09:17:46'),
('C00032', '西安智联电子商务公司', '孙秀英', '孙秀英@西安智联电子.com', '19804964660', 'medium', 'pro', 'active', '2026-03-30 03:47:17', '2026-05-07 13:36:44', '2026-05-07 13:36:44'),
('C00033', '合肥远航互联网公司', '吴磊', '吴磊@合肥远航互联.com', '17404668557', 'low', 'basic', 'active', '2026-04-04 16:27:07', '2026-04-25 23:09:33', '2026-04-25 23:09:33'),
('C00034', '厦门盛世电子商务公司', '周娜', '周娜@厦门盛世电子.com', '18513077668', 'medium', 'basic', 'active', '2026-02-28 12:56:02', '2026-03-15 15:26:30', '2026-03-15 15:26:30'),
('C00035', '杭州天成科技有限公司', '朱勇', '朱勇@hz天成科技.com', '18159009571', 'high', 'basic', 'active', '2026-03-09 11:37:30', '2026-04-29 17:54:12', '2026-04-29 17:54:12'),
('C00036', '郑州博雅互联网公司', '张杰', '张杰@郑州博雅互联.com', '13425493201', 'low', 'basic', 'active', '2026-04-23 12:33:15', '2026-05-18 11:02:50', '2026-05-18 11:02:50'),
('C00037', '合肥金石信息技术公司', '陈洋', '陈洋@合肥金石信息.com', '15237418437', 'low', 'basic', 'active', '2026-03-09 16:08:25', '2026-05-12 16:20:02', '2026-05-12 16:20:02'),
('C00038', '长沙数智智能科技公司', '高超', '高超@长沙数智智能.com', '17547862608', 'low', 'pro', 'active', '2026-03-18 10:10:25', '2026-03-24 07:09:10', '2026-03-24 07:09:10'),
('C00039', '南京飞扬信息技术公司', '罗丽', '罗丽@南京飞扬信息.com', '19273628080', 'low', 'pro', 'inactive', '2026-04-22 10:57:59', '2026-05-05 09:39:16', '2026-05-05 09:39:16'),
('C00040', '青岛远航互联网公司', '陈涛', '陈涛@青岛远航互联.com', '17907816660', 'low', 'basic', 'active', '2026-03-25 12:10:42', '2026-05-05 15:42:34', '2026-05-05 15:42:34'),
('C00041', '厦门金石网络科技公司', '何勇', '何勇@厦门金石网络.com', '13456557971', 'low', 'basic', 'active', '2026-04-17 10:23:44', '2026-04-29 12:37:27', '2026-04-29 12:37:27'),
('C00042', '天津飞扬云计算公司', '赵勇', '赵勇@天津飞扬云计.com', '19218517873', 'low', 'basic', 'active', '2026-04-17 16:50:44', '2026-05-13 10:23:45', '2026-05-13 10:23:45'),
('C00043', '杭州数智云计算公司', '陈超', '陈超@hz数智云计.com', '15106845534', 'medium', 'pro', 'active', '2026-04-13 10:07:18', '2026-04-28 14:49:38', '2026-04-28 14:49:38'),
('C00044', '武汉瑞达咨询服务公司', '何强', '何强@武汉瑞达咨询.com', '18339316206', 'low', 'pro', 'active', '2026-04-08 14:44:01', '2026-05-05 11:47:46', '2026-05-05 11:47:46'),
('C00045', '济南华美软件开发公司', '王静', '王静@济南华美软件.com', '17903649939', 'medium', 'basic', 'active', '2026-02-25 10:02:22', '2026-03-23 17:31:52', '2026-03-23 17:31:52'),
('C00046', '大连金石云计算公司', '吴伟', '吴伟@大连金石云计.com', '13772415455', 'low', 'enterprise', 'active', '2026-04-04 10:11:17', '2026-04-24 16:40:11', '2026-04-24 16:40:11'),
('C00047', '杭州云端电子商务公司', '林静', '林静@hz云端电子.com', '19117461311', 'medium', 'pro', 'inactive', '2026-04-02 12:26:25', '2026-04-16 17:54:33', '2026-04-16 17:54:33'),
('C00048', '上海星辰智能科技公司', '张霞', '张霞@sh星辰智能.com', '19126455330', 'low', 'pro', 'active', '2026-04-06 19:38:04', '2026-05-04 10:33:34', '2026-05-04 10:33:34'),
('C00049', '上海卓越电子商务公司', '徐超', '徐超@sh卓越电子.com', '17329208456', 'low', 'basic', 'active', '2026-04-09 11:32:00', '2026-05-18 15:53:14', '2026-05-18 15:53:14'),
('C00050', '杭州宏图智能科技公司', '刘杰', '刘杰@hz宏图智能.com', '15762685552', 'low', 'pro', 'inactive', '2026-03-23 03:14:24', '2026-05-18 10:24:26', '2026-05-18 10:24:26'),
('C00051', '南京锦绣咨询服务公司', '马勇', '马勇@南京锦绣咨询.com', '13673489452', 'low', 'basic', 'active', '2026-03-04 15:59:38', '2026-03-05 15:29:48', '2026-03-05 15:29:48'),
('C00052', '长沙卓越咨询服务公司', '杨敏', '杨敏@长沙卓越咨询.com', '18245247198', 'low', 'basic', 'inactive', '2026-02-25 17:30:22', '2026-05-06 09:40:40', '2026-05-06 09:40:40'),
('C00053', '合肥智联电子商务公司', '吴洋', '吴洋@合肥智联电子.com', '15726375191', 'low', 'pro', 'active', '2026-03-27 17:30:10', '2026-04-09 15:16:14', '2026-04-09 15:16:14'),
('C00054', '上海博雅网络科技公司', '李娟', '李娟@sh博雅网络.com', '15815198944', 'low', 'basic', 'active', '2026-04-07 16:26:21', '2026-05-21 17:03:31', '2026-05-21 17:03:31'),
('C00055', '长沙卓越网络科技公司', '王洋', '王洋@长沙卓越网络.com', '13923384323', 'low', 'pro', 'active', '2026-03-23 11:52:01', '2026-05-04 13:30:03', '2026-05-04 13:30:03'),
('C00056', '郑州智联网络科技公司', '孙洋', '孙洋@郑州智联网络.com', '18643546830', 'medium', 'enterprise', 'active', '2026-03-11 09:01:10', '2026-03-17 16:13:39', '2026-03-17 16:13:39'),
('C00057', '大连瑞达电子商务公司', '胡洋', '胡洋@大连瑞达电子.com', '18896082706', 'low', 'basic', 'active', '2026-03-12 14:00:15', '2026-05-04 15:10:36', '2026-05-04 15:10:36'),
('C00058', '长沙星辰网络科技公司', '胡秀英', '胡秀英@长沙星辰网络.com', '18411435147', 'low', 'basic', 'active', '2026-03-16 17:13:44', '2026-05-20 14:43:51', '2026-05-20 14:43:51'),
('C00059', '重庆天成科技有限公司', '陈静', '陈静@重庆天成科技.com', '19626833293', 'low', 'basic', 'inactive', '2026-03-09 22:12:45', '2026-04-16 16:27:48', '2026-04-16 16:27:48'),
('C00060', '厦门恒通科技有限公司', '黄芳', '黄芳@厦门恒通科技.com', '13272414587', 'low', 'basic', 'active', '2026-03-17 23:23:16', '2026-05-21 12:56:00', '2026-05-21 12:56:00'),
('C00061', '重庆瑞达科技有限公司', '马艳', '马艳@重庆瑞达科技.com', '19710576683', 'low', 'pro', 'active', '2026-03-18 17:07:57', '2026-03-25 13:35:21', '2026-03-25 13:35:21'),
('C00062', '广州瑞达网络科技公司', '周娜', '周娜@gz瑞达网络.com', '18273528182', 'low', 'basic', 'active', '2026-03-09 11:20:41', '2026-03-17 08:22:24', '2026-03-17 08:22:24'),
('C00063', '苏州瑞达网络科技公司', '陈杰', '陈杰@苏州瑞达网络.com', '15401804854', 'low', 'basic', 'active', '2026-03-27 00:03:26', '2026-04-24 20:14:05', '2026-04-24 20:14:05'),
('C00064', '合肥创新科技有限公司', '黄娟', '黄娟@合肥创新科技.com', '15445281074', 'low', 'enterprise', 'active', '2026-04-10 11:16:53', '2026-05-19 06:09:42', '2026-05-19 06:09:42'),
('C00065', '厦门数智互联网公司', '赵洋', '赵洋@厦门数智互联.com', '18488243453', 'medium', 'basic', 'active', '2026-03-09 10:23:35', '2026-05-03 14:28:21', '2026-05-03 14:28:21'),
('C00066', '苏州海纳智能科技公司', '罗杰', '罗杰@苏州海纳智能.com', '13177534288', 'medium', 'pro', 'active', '2026-03-11 10:35:04', '2026-04-10 12:16:58', '2026-04-10 12:16:58'),
('C00067', '深圳数智网络科技公司', '林秀英', '林秀英@sz数智网络.com', '15649065308', 'low', 'basic', 'active', '2026-04-25 11:53:15', '2026-05-20 15:19:24', '2026-05-20 15:19:24'),
('C00068', '西安恒通咨询服务公司', '黄娟', '黄娟@西安恒通咨询.com', '15227241744', 'low', 'pro', 'active', '2026-03-12 12:11:37', '2026-04-28 16:27:24', '2026-04-28 16:27:24'),
('C00069', '合肥宏图咨询服务公司', '赵明', '赵明@合肥宏图咨询.com', '17944286235', 'medium', 'basic', 'active', '2026-03-30 12:39:46', '2026-05-21 15:41:44', '2026-05-21 15:41:44'),
('C00070', '广州远航云计算公司', '杨芳', '杨芳@gz远航云计.com', '17408547759', 'low', 'enterprise', 'active', '2026-02-27 06:48:14', '2026-05-05 11:19:58', '2026-05-05 11:19:58'),
('C00071', '大连瑞达云计算公司', '朱伟', '朱伟@大连瑞达云计.com', '13679985169', 'low', 'basic', 'inactive', '2026-02-27 13:41:33', '2026-04-15 17:29:37', '2026-04-15 17:29:37'),
('C00072', '南京瑞达咨询服务公司', '孙伟', '孙伟@南京瑞达咨询.com', '13270566040', 'medium', 'basic', 'inactive', '2026-04-07 10:44:05', '2026-05-19 16:40:24', '2026-05-19 16:40:24'),
('C00073', '长沙华美科技有限公司', '赵杰', '赵杰@长沙华美科技.com', '19228599702', 'low', 'basic', 'active', '2026-04-16 18:59:03', '2026-04-30 13:40:46', '2026-04-30 13:40:46'),
('C00074', '福州数智数据服务公司', '黄静', '黄静@福州数智数据.com', '19510935933', 'low', 'pro', 'active', '2026-03-24 12:07:23', '2026-04-19 16:36:45', '2026-04-19 16:36:45'),
('C00075', '苏州飞扬科技有限公司', '李娟', '李娟@苏州飞扬科技.com', '19726575316', 'low', 'pro', 'active', '2026-03-23 12:13:23', '2026-04-07 14:51:25', '2026-04-07 14:51:25'),
('C00076', '厦门宏图云计算公司', '马涛', '马涛@厦门宏图云计.com', '13551512285', 'medium', 'basic', 'active', '2026-02-26 15:43:25', '2026-05-13 13:08:40', '2026-05-13 13:08:40'),
('C00077', '长沙恒通数据服务公司', '高丽', '高丽@长沙恒通数据.com', '18178337268', 'low', 'basic', 'active', '2026-04-24 15:55:15', '2026-04-27 08:39:56', '2026-04-27 08:39:56'),
('C00078', '厦门博雅智能科技公司', '罗明', '罗明@厦门博雅智能.com', '13517252452', 'medium', 'pro', 'active', '2026-03-26 19:45:15', '2026-05-11 17:27:05', '2026-05-11 17:27:05'),
('C00079', '福州飞扬智能科技公司', '林秀英', '林秀英@福州飞扬智能.com', '15477470786', 'low', 'basic', 'active', '2026-03-18 09:01:39', '2026-04-16 09:00:11', '2026-04-16 09:00:11'),
('C00080', '西安星辰云计算公司', '赵霞', '赵霞@西安星辰云计.com', '13337557378', 'high', 'basic', 'active', '2026-02-25 13:17:02', '2026-04-30 10:11:07', '2026-04-30 10:11:07'),
('C00081', '长沙华美网络科技公司', '刘磊', '刘磊@长沙华美网络.com', '15320268007', 'low', 'enterprise', 'active', '2026-02-24 16:08:22', '2026-05-18 14:34:55', '2026-05-18 14:34:55'),
('C00082', '南京华美智能科技公司', '杨杰', '杨杰@南京华美智能.com', '17163145261', 'low', 'enterprise', 'active', '2026-03-23 01:59:10', '2026-04-09 14:29:49', '2026-04-09 14:29:49'),
('C00083', '杭州海纳电子商务公司', '罗平', '罗平@hz海纳电子.com', '15763832224', 'low', 'pro', 'active', '2026-04-03 15:55:18', '2026-04-18 21:47:30', '2026-04-18 21:47:30'),
('C00084', '武汉宏图电子商务公司', '陈敏', '陈敏@武汉宏图电子.com', '19566620718', 'low', 'basic', 'active', '2026-03-11 09:12:55', '2026-04-25 10:28:58', '2026-04-25 10:28:58'),
('C00085', '合肥智联信息技术公司', '胡杰', '胡杰@合肥智联信息.com', '18814674517', 'low', 'pro', 'active', '2026-03-06 12:00:27', '2026-04-22 09:30:26', '2026-04-22 09:30:26'),
('C00086', '西安盛世智能科技公司', '胡平', '胡平@西安盛世智能.com', '17660166237', 'low', 'pro', 'active', '2026-02-27 16:21:02', '2026-04-03 13:55:58', '2026-04-03 13:55:58'),
('C00087', '重庆瑞达云计算公司', '刘霞', '刘霞@重庆瑞达云计.com', '18107492474', 'low', 'basic', 'active', '2026-03-03 14:07:51', '2026-03-23 15:01:24', '2026-03-23 15:01:24'),
('C00088', '青岛盛世咨询服务公司', '黄伟', '黄伟@青岛盛世咨询.com', '19771632876', 'low', 'basic', 'active', '2026-04-02 08:08:14', '2026-05-24 15:56:25', '2026-05-24 15:56:25'),
('C00089', '杭州数智科技有限公司', '周磊', '周磊@hz数智科技.com', '17791877514', 'low', 'pro', 'active', '2026-03-06 12:17:33', '2026-04-02 19:37:38', '2026-04-02 19:37:38'),
('C00090', '福州远航数据服务公司', '马芳', '马芳@福州远航数据.com', '18952133116', 'low', 'basic', 'active', '2026-04-11 21:06:09', '2026-04-27 15:41:26', '2026-04-27 15:41:26'),
('C00091', '苏州宏图网络科技公司', '王静', '王静@苏州宏图网络.com', '19367906894', 'low', 'basic', 'active', '2026-04-06 15:55:53', '2026-05-06 16:19:21', '2026-05-06 16:19:21'),
('C00092', '上海智联智能科技公司', '孙秀英', '孙秀英@sh智联智能.com', '19550401413', 'medium', 'pro', 'active', '2026-03-03 07:06:19', '2026-04-11 09:06:55', '2026-04-11 09:06:55'),
('C00093', '成都星辰数据服务公司', '孙勇', '孙勇@成都星辰数据.com', '17414745378', 'medium', 'basic', 'active', '2026-03-06 14:08:29', '2026-04-06 13:17:04', '2026-04-06 13:17:04'),
('C00094', '大连锦绣电子商务公司', '李丽', '李丽@大连锦绣电子.com', '15298469443', 'medium', 'pro', 'active', '2026-03-09 15:57:38', '2026-04-02 10:39:48', '2026-04-02 10:39:48'),
('C00095', '大连鼎盛电子商务公司', '马明', '马明@大连鼎盛电子.com', '15708887547', 'medium', 'basic', 'active', '2026-04-04 14:07:59', '2026-05-19 05:44:52', '2026-05-19 05:44:52'),
('C00096', '厦门创新信息技术公司', '杨娜', '杨娜@厦门创新信息.com', '18850915071', 'low', 'basic', 'active', '2026-04-12 13:12:37', '2026-04-23 07:45:22', '2026-04-23 07:45:22'),
('C00097', '青岛数智云计算公司', '黄娟', '黄娟@青岛数智云计.com', '13971873635', 'medium', 'pro', 'active', '2026-04-21 19:09:12', '2026-05-24 09:50:49', '2026-05-24 09:50:49'),
('C00098', '大连盛世网络科技公司', '吴敏', '吴敏@大连盛世网络.com', '17149551187', 'low', 'basic', 'active', '2026-04-16 14:47:46', '2026-05-22 15:29:03', '2026-05-22 15:29:03'),
('C00099', '南京天成信息技术公司', '李芳', '李芳@南京天成信息.com', '19477829198', 'low', 'basic', 'active', '2026-04-18 16:11:13', '2026-05-07 04:20:27', '2026-05-07 04:20:27'),
('C00100', '合肥天成软件开发公司', '林秀英', '林秀英@合肥天成软件.com', '18580118441', 'low', 'enterprise', 'active', '2026-04-19 17:56:03', '2026-05-12 15:10:23', '2026-05-12 15:10:23');

-- ============================================================
-- 插入 500 条订单数据
-- ============================================================
INSERT INTO business.orders (order_id, customer_id, amount, status, created_at, updated_at) VALUES
('O000001', 'C00095', 4393.08, 'cancelled', '2026-05-06 19:53:52', '2026-05-06 19:53:52'),
('O000002', 'C00057', 930.25, 'completed', '2026-04-01 14:34:30', '2026-04-01 14:34:30'),
('O000003', 'C00070', 192.65, 'cancelled', '2026-04-08 16:59:33', '2026-04-08 16:59:33'),
('O000004', 'C00005', 539.34, 'completed', '2026-03-17 12:11:42', '2026-03-17 12:11:42'),
('O000005', 'C00077', 2921.88, 'completed', '2026-04-28 17:22:12', '2026-04-28 17:22:12'),
('O000006', 'C00074', 256.47, 'completed', '2026-03-25 10:56:38', '2026-03-25 10:56:38'),
('O000007', 'C00056', 512.73, 'completed', '2026-05-11 20:27:32', '2026-05-11 20:27:32'),
('O000008', 'C00012', 2934.51, 'completed', '2026-05-12 07:22:28', '2026-05-12 07:22:28'),
('O000009', 'C00038', 272.58, 'completed', '2026-04-13 10:01:02', '2026-04-13 10:01:02'),
('O000010', 'C00050', 4286.0, 'processing', '2026-05-22 09:34:50', '2026-05-22 09:34:50'),
('O000011', 'C00047', 800.9, 'completed', '2026-05-09 11:35:20', '2026-05-09 11:35:20'),
('O000012', 'C00019', 542.28, 'completed', '2026-03-27 17:32:16', '2026-03-27 17:32:16'),
('O000013', 'C00035', 726.96, 'completed', '2026-03-29 15:46:08', '2026-03-29 15:46:08'),
('O000014', 'C00065', 3316.71, 'completed', '2026-04-05 09:00:14', '2026-04-05 09:00:14'),
('O000015', 'C00079', 632.14, 'processing', '2026-04-24 16:59:25', '2026-04-24 16:59:25'),
('O000016', 'C00056', 692.24, 'completed', '2026-04-24 14:34:53', '2026-04-24 14:34:53'),
('O000017', 'C00018', 101.13, 'completed', '2026-04-13 21:35:04', '2026-04-13 21:35:04'),
('O000018', 'C00023', 595.28, 'completed', '2026-04-20 14:45:32', '2026-04-20 14:45:32'),
('O000019', 'C00010', 3223.42, 'completed', '2026-05-05 14:32:58', '2026-05-05 14:32:58'),
('O000020', 'C00053', 303.62, 'completed', '2026-04-15 11:02:21', '2026-04-15 11:02:21'),
('O000021', 'C00016', 526.41, 'completed', '2026-04-12 10:00:15', '2026-04-12 10:00:15'),
('O000022', 'C00065', 136.29, 'pending', '2026-03-06 12:30:46', '2026-03-06 12:30:46'),
('O000023', 'C00069', 517.3, 'processing', '2026-03-31 19:08:14', '2026-03-31 19:08:14'),
('O000024', 'C00038', 423.9, 'completed', '2026-04-13 16:02:43', '2026-04-13 16:02:43'),
('O000025', 'C00005', 754.5, 'completed', '2026-03-13 17:32:17', '2026-03-13 17:32:17'),
('O000026', 'C00029', 859.55, 'completed', '2026-03-29 14:12:46', '2026-03-29 14:12:46'),
('O000027', 'C00028', 633.41, 'completed', '2026-04-14 12:40:40', '2026-04-14 12:40:40'),
('O000028', 'C00035', 886.98, 'cancelled', '2026-05-10 04:48:51', '2026-05-10 04:48:51'),
('O000029', 'C00013', 885.38, 'refunded', '2026-05-15 13:18:55', '2026-05-15 13:18:55'),
('O000030', 'C00039', 1394.34, 'completed', '2026-03-21 14:44:40', '2026-03-21 14:44:40'),
('O000031', 'C00051', 115.62, 'completed', '2026-05-20 16:54:00', '2026-05-20 16:54:00'),
('O000032', 'C00093', 110.67, 'completed', '2026-05-12 13:38:03', '2026-05-12 13:38:03'),
('O000033', 'C00038', 164.43, 'completed', '2026-04-07 15:33:15', '2026-04-07 15:33:15'),
('O000034', 'C00093', 937.79, 'completed', '2026-05-08 15:31:43', '2026-05-08 15:31:43'),
('O000035', 'C00041', 3564.42, 'processing', '2026-04-14 10:39:16', '2026-04-14 10:39:16'),
('O000036', 'C00028', 859.49, 'pending', '2026-03-02 12:33:12', '2026-03-02 12:33:12'),
('O000037', 'C00090', 590.02, 'refunded', '2026-05-11 16:35:50', '2026-05-11 16:35:50'),
('O000038', 'C00046', 138.11, 'completed', '2026-05-12 14:59:27', '2026-05-12 14:59:27'),
('O000039', 'C00094', 4589.53, 'completed', '2026-05-18 13:06:07', '2026-05-18 13:06:07'),
('O000040', 'C00065', 2973.51, 'completed', '2026-04-09 10:34:31', '2026-04-09 10:34:31'),
('O000041', 'C00055', 942.54, 'refunded', '2026-05-01 17:52:43', '2026-05-01 17:52:43'),
('O000042', 'C00061', 758.73, 'completed', '2026-03-25 09:29:44', '2026-03-25 09:29:44'),
('O000043', 'C00066', 543.95, 'completed', '2026-03-10 11:07:58', '2026-03-10 11:07:58'),
('O000044', 'C00034', 3194.92, 'completed', '2026-04-24 13:47:34', '2026-04-24 13:47:34'),
('O000045', 'C00037', 1504.29, 'completed', '2026-04-19 19:57:53', '2026-04-19 19:57:53'),
('O000046', 'C00049', 499.67, 'refunded', '2026-03-10 00:10:52', '2026-03-10 00:10:52'),
('O000047', 'C00095', 115.14, 'completed', '2026-03-23 09:35:20', '2026-03-23 09:35:20'),
('O000048', 'C00020', 2199.09, 'completed', '2026-05-15 09:11:42', '2026-05-15 09:11:42'),
('O000049', 'C00088', 4745.62, 'pending', '2026-04-22 13:20:57', '2026-04-22 13:20:57'),
('O000050', 'C00062', 268.83, 'completed', '2026-03-16 17:41:52', '2026-03-16 17:41:52'),
('O000051', 'C00071', 555.83, 'completed', '2026-03-23 18:23:05', '2026-03-23 18:23:05'),
('O000052', 'C00023', 412.49, 'processing', '2026-04-15 18:14:16', '2026-04-15 18:14:16'),
('O000053', 'C00034', 4674.57, 'cancelled', '2026-03-18 17:27:21', '2026-03-18 17:27:21'),
('O000054', 'C00047', 17478.16, 'pending', '2026-02-25 01:34:12', '2026-02-25 01:34:12'),
('O000055', 'C00082', 1526.69, 'completed', '2026-03-27 11:34:23', '2026-03-27 11:34:23'),
('O000056', 'C00071', 886.16, 'completed', '2026-04-10 10:18:43', '2026-04-10 10:18:43'),
('O000057', 'C00006', 113.11, 'processing', '2026-03-13 09:53:19', '2026-03-13 09:53:19'),
('O000058', 'C00039', 247.96, 'completed', '2026-03-20 17:56:50', '2026-03-20 17:56:50'),
('O000059', 'C00085', 3869.5, 'pending', '2026-03-15 17:08:37', '2026-03-15 17:08:37'),
('O000060', 'C00095', 791.19, 'completed', '2026-03-05 15:47:25', '2026-03-05 15:47:25'),
('O000061', 'C00076', 1489.42, 'completed', '2026-05-18 16:02:13', '2026-05-18 16:02:13'),
('O000062', 'C00075', 398.78, 'cancelled', '2026-03-30 16:02:20', '2026-03-30 16:02:20'),
('O000063', 'C00052', 315.16, 'cancelled', '2026-03-30 16:04:25', '2026-03-30 16:04:25'),
('O000064', 'C00035', 534.36, 'completed', '2026-04-27 15:07:22', '2026-04-27 15:07:22'),
('O000065', 'C00096', 660.86, 'processing', '2026-03-04 15:39:21', '2026-03-04 15:39:21'),
('O000066', 'C00089', 3511.01, 'pending', '2026-03-11 15:53:27', '2026-03-11 15:53:27'),
('O000067', 'C00063', 13315.45, 'pending', '2026-02-25 12:40:17', '2026-02-25 12:40:17'),
('O000068', 'C00085', 755.41, 'completed', '2026-03-24 12:37:01', '2026-03-24 12:37:01'),
('O000069', 'C00024', 4506.0, 'refunded', '2026-03-18 16:49:45', '2026-03-18 16:49:45'),
('O000070', 'C00015', 226.53, 'completed', '2026-04-08 03:37:38', '2026-04-08 03:37:38'),
('O000071', 'C00032', 201.75, 'completed', '2026-03-27 02:06:18', '2026-03-27 02:06:18'),
('O000072', 'C00077', 11478.01, 'pending', '2026-04-24 08:26:50', '2026-04-24 08:26:50'),
('O000073', 'C00093', 730.99, 'cancelled', '2026-03-13 17:15:55', '2026-03-13 17:15:55'),
('O000074', 'C00083', 3711.08, 'completed', '2026-03-25 13:13:54', '2026-03-25 13:13:54'),
('O000075', 'C00018', 111.95, 'processing', '2026-04-14 04:55:25', '2026-04-14 04:55:25'),
('O000076', 'C00020', 134.88, 'cancelled', '2026-05-04 13:50:57', '2026-05-04 13:50:57'),
('O000077', 'C00090', 976.74, 'completed', '2026-03-15 12:08:19', '2026-03-15 12:08:19'),
('O000078', 'C00067', 372.01, 'completed', '2026-03-03 17:36:12', '2026-03-03 17:36:12'),
('O000079', 'C00024', 383.01, 'completed', '2026-04-01 17:53:50', '2026-04-01 17:53:50'),
('O000080', 'C00053', 1475.28, 'processing', '2026-04-21 11:28:21', '2026-04-21 11:28:21'),
('O000081', 'C00010', 880.59, 'completed', '2026-04-03 13:40:10', '2026-04-03 13:40:10'),
('O000082', 'C00050', 278.75, 'completed', '2026-05-08 13:09:57', '2026-05-08 13:09:57'),
('O000083', 'C00048', 1803.2, 'completed', '2026-03-06 01:52:03', '2026-03-06 01:52:03'),
('O000084', 'C00010', 540.75, 'completed', '2026-03-20 16:34:14', '2026-03-20 16:34:14'),
('O000085', 'C00060', 780.07, 'cancelled', '2026-04-07 15:36:21', '2026-04-07 15:36:21'),
('O000086', 'C00045', 925.79, 'completed', '2026-04-14 10:04:03', '2026-04-14 10:04:03'),
('O000087', 'C00051', 520.79, 'pending', '2026-05-12 10:40:42', '2026-05-12 10:40:42'),
('O000088', 'C00069', 505.56, 'completed', '2026-05-04 14:12:58', '2026-05-04 14:12:58'),
('O000089', 'C00020', 770.68, 'completed', '2026-03-16 17:49:54', '2026-03-16 17:49:54'),
('O000090', 'C00013', 479.92, 'pending', '2026-02-28 17:21:53', '2026-02-28 17:21:53'),
('O000091', 'C00043', 808.95, 'pending', '2026-04-02 09:29:42', '2026-04-02 09:29:42'),
('O000092', 'C00044', 712.63, 'cancelled', '2026-03-25 17:23:42', '2026-03-25 17:23:42'),
('O000093', 'C00018', 407.19, 'processing', '2026-04-23 12:28:39', '2026-04-23 12:28:39'),
('O000094', 'C00094', 779.32, 'processing', '2026-04-03 17:40:16', '2026-04-03 17:40:16'),
('O000095', 'C00052', 156.34, 'completed', '2026-03-20 16:30:44', '2026-03-20 16:30:44'),
('O000096', 'C00028', 920.07, 'completed', '2026-04-11 11:59:01', '2026-04-11 11:59:01'),
('O000097', 'C00032', 917.93, 'completed', '2026-03-18 18:27:00', '2026-03-18 18:27:00'),
('O000098', 'C00048', 2852.09, 'completed', '2026-05-14 17:12:39', '2026-05-14 17:12:39'),
('O000099', 'C00099', 1990.13, 'completed', '2026-04-06 03:36:23', '2026-04-06 03:36:23'),
('O000100', 'C00086', 600.56, 'refunded', '2026-03-04 06:33:31', '2026-03-04 06:33:31'),
('O000101', 'C00014', 1415.19, 'completed', '2026-03-02 11:51:35', '2026-03-02 11:51:35'),
('O000102', 'C00087', 212.48, 'completed', '2026-03-06 10:46:10', '2026-03-06 10:46:10'),
('O000103', 'C00050', 5867.66, 'cancelled', '2026-05-01 17:05:09', '2026-05-01 17:05:09'),
('O000104', 'C00013', 1213.57, 'completed', '2026-04-14 00:15:02', '2026-04-14 00:15:02'),
('O000105', 'C00032', 979.94, 'processing', '2026-04-11 17:24:27', '2026-04-11 17:24:27'),
('O000106', 'C00063', 988.0, 'completed', '2026-04-30 09:59:37', '2026-04-30 09:59:37'),
('O000107', 'C00084', 818.24, 'completed', '2026-03-30 09:31:18', '2026-03-30 09:31:18'),
('O000108', 'C00026', 144.11, 'processing', '2026-03-06 17:44:15', '2026-03-06 17:44:15'),
('O000109', 'C00071', 128.78, 'completed', '2026-03-30 00:39:37', '2026-03-30 00:39:37'),
('O000110', 'C00001', 2782.64, 'completed', '2026-04-11 13:37:29', '2026-04-11 13:37:29'),
('O000111', 'C00065', 3472.44, 'completed', '2026-03-09 12:03:31', '2026-03-09 12:03:31'),
('O000112', 'C00083', 536.9, 'pending', '2026-05-15 14:38:00', '2026-05-15 14:38:00'),
('O000113', 'C00029', 602.48, 'completed', '2026-04-14 15:31:36', '2026-04-14 15:31:36'),
('O000114', 'C00039', 377.78, 'completed', '2026-04-01 10:48:39', '2026-04-01 10:48:39'),
('O000115', 'C00085', 773.69, 'pending', '2026-05-07 10:48:53', '2026-05-07 10:48:53'),
('O000116', 'C00041', 4990.88, 'completed', '2026-03-02 11:22:58', '2026-03-02 11:22:58'),
('O000117', 'C00007', 720.44, 'completed', '2026-03-05 16:49:48', '2026-03-05 16:49:48'),
('O000118', 'C00021', 259.81, 'completed', '2026-03-11 17:21:13', '2026-03-11 17:21:13'),
('O000119', 'C00078', 775.98, 'completed', '2026-02-24 17:36:49', '2026-02-24 17:36:49'),
('O000120', 'C00043', 1008.98, 'completed', '2026-04-07 17:58:17', '2026-04-07 17:58:17'),
('O000121', 'C00015', 915.37, 'completed', '2026-05-04 15:24:17', '2026-05-04 15:24:17'),
('O000122', 'C00033', 592.92, 'completed', '2026-03-07 10:16:47', '2026-03-07 10:16:47'),
('O000123', 'C00003', 4922.74, 'completed', '2026-03-13 13:18:39', '2026-03-13 13:18:39'),
('O000124', 'C00042', 2370.4, 'pending', '2026-05-23 10:19:18', '2026-05-23 10:19:18'),
('O000125', 'C00033', 4894.96, 'cancelled', '2026-05-22 09:08:14', '2026-05-22 09:08:14'),
('O000126', 'C00075', 2422.82, 'refunded', '2026-04-27 15:05:06', '2026-04-27 15:05:06'),
('O000127', 'C00056', 680.89, 'completed', '2026-05-09 14:45:00', '2026-05-09 14:45:00'),
('O000128', 'C00023', 506.15, 'pending', '2026-05-13 12:32:21', '2026-05-13 12:32:21'),
('O000129', 'C00096', 2788.51, 'completed', '2026-03-31 15:06:42', '2026-03-31 15:06:42'),
('O000130', 'C00069', 259.11, 'completed', '2026-05-14 14:27:22', '2026-05-14 14:27:22'),
('O000131', 'C00017', 148.32, 'completed', '2026-02-24 12:45:26', '2026-02-24 12:45:26'),
('O000132', 'C00015', 15179.67, 'completed', '2026-03-13 02:06:39', '2026-03-13 02:06:39'),
('O000133', 'C00045', 671.09, 'processing', '2026-05-18 09:56:13', '2026-05-18 09:56:13'),
('O000134', 'C00007', 293.7, 'completed', '2026-03-16 12:50:54', '2026-03-16 12:50:54'),
('O000135', 'C00048', 875.65, 'completed', '2026-03-02 09:46:19', '2026-03-02 09:46:19'),
('O000136', 'C00070', 599.67, 'pending', '2026-03-09 09:40:08', '2026-03-09 09:40:08'),
('O000137', 'C00054', 12338.76, 'completed', '2026-05-18 15:35:56', '2026-05-18 15:35:56'),
('O000138', 'C00050', 830.29, 'completed', '2026-05-07 13:12:17', '2026-05-07 13:12:17'),
('O000139', 'C00093', 502.72, 'completed', '2026-05-08 17:15:43', '2026-05-08 17:15:43'),
('O000140', 'C00011', 909.57, 'completed', '2026-03-05 12:45:08', '2026-03-05 12:45:08'),
('O000141', 'C00049', 857.05, 'completed', '2026-05-06 14:53:57', '2026-05-06 14:53:57'),
('O000142', 'C00061', 335.59, 'completed', '2026-04-16 09:51:27', '2026-04-16 09:51:27'),
('O000143', 'C00067', 19796.23, 'completed', '2026-04-23 19:47:31', '2026-04-23 19:47:31'),
('O000144', 'C00081', 3156.69, 'refunded', '2026-03-29 13:00:41', '2026-03-29 13:00:41'),
('O000145', 'C00053', 489.6, 'processing', '2026-03-02 12:11:08', '2026-03-02 12:11:08'),
('O000146', 'C00028', 375.56, 'cancelled', '2026-05-19 03:26:13', '2026-05-19 03:26:13'),
('O000147', 'C00031', 4034.16, 'completed', '2026-03-10 17:12:37', '2026-03-10 17:12:37'),
('O000148', 'C00040', 742.8, 'completed', '2026-05-09 10:09:47', '2026-05-09 10:09:47'),
('O000149', 'C00001', 132.43, 'completed', '2026-02-25 13:32:19', '2026-02-25 13:32:19'),
('O000150', 'C00096', 1554.02, 'completed', '2026-03-01 03:36:55', '2026-03-01 03:36:55'),
('O000151', 'C00004', 971.28, 'completed', '2026-04-27 18:43:14', '2026-04-27 18:43:14'),
('O000152', 'C00001', 965.65, 'cancelled', '2026-02-28 18:25:46', '2026-02-28 18:25:46'),
('O000153', 'C00030', 557.21, 'completed', '2026-05-19 15:00:18', '2026-05-19 15:00:18'),
('O000154', 'C00045', 19888.38, 'completed', '2026-03-22 16:25:19', '2026-03-22 16:25:19'),
('O000155', 'C00075', 846.9, 'completed', '2026-03-31 14:48:10', '2026-03-31 14:48:10'),
('O000156', 'C00019', 608.59, 'cancelled', '2026-04-16 11:12:09', '2026-04-16 11:12:09'),
('O000157', 'C00023', 793.99, 'completed', '2026-02-25 17:33:18', '2026-02-25 17:33:18'),
('O000158', 'C00032', 151.35, 'completed', '2026-03-17 14:04:58', '2026-03-17 14:04:58'),
('O000159', 'C00007', 701.59, 'completed', '2026-03-21 11:37:51', '2026-03-21 11:37:51'),
('O000160', 'C00027', 326.4, 'refunded', '2026-04-07 11:48:20', '2026-04-07 11:48:20'),
('O000161', 'C00079', 616.64, 'processing', '2026-05-07 14:28:41', '2026-05-07 14:28:41'),
('O000162', 'C00071', 407.6, 'completed', '2026-04-17 00:28:11', '2026-04-17 00:28:11'),
('O000163', 'C00020', 410.89, 'completed', '2026-04-23 09:38:47', '2026-04-23 09:38:47'),
('O000164', 'C00014', 392.63, 'cancelled', '2026-04-03 11:34:05', '2026-04-03 11:34:05'),
('O000165', 'C00039', 903.0, 'completed', '2026-05-05 14:25:10', '2026-05-05 14:25:10'),
('O000166', 'C00046', 237.85, 'completed', '2026-04-13 09:21:38', '2026-04-13 09:21:38'),
('O000167', 'C00069', 758.02, 'completed', '2026-03-19 14:08:52', '2026-03-19 14:08:52'),
('O000168', 'C00068', 605.48, 'pending', '2026-04-21 14:14:23', '2026-04-21 14:14:23'),
('O000169', 'C00014', 243.02, 'completed', '2026-03-27 17:16:20', '2026-03-27 17:16:20'),
('O000170', 'C00008', 802.86, 'completed', '2026-05-01 13:44:48', '2026-05-01 13:44:48'),
('O000171', 'C00004', 702.75, 'completed', '2026-04-14 15:58:54', '2026-04-14 15:58:54'),
('O000172', 'C00022', 340.4, 'completed', '2026-05-20 09:54:20', '2026-05-20 09:54:20'),
('O000173', 'C00028', 248.39, 'processing', '2026-04-17 16:46:15', '2026-04-17 16:46:15'),
('O000174', 'C00018', 252.52, 'pending', '2026-05-11 11:14:37', '2026-05-11 11:14:37'),
('O000175', 'C00053', 117.96, 'completed', '2026-05-04 12:25:58', '2026-05-04 12:25:58'),
('O000176', 'C00048', 3208.74, 'completed', '2026-05-12 16:55:38', '2026-05-12 16:55:38'),
('O000177', 'C00074', 958.94, 'refunded', '2026-05-14 03:59:45', '2026-05-14 03:59:45'),
('O000178', 'C00046', 851.37, 'refunded', '2026-04-06 13:58:34', '2026-04-06 13:58:34'),
('O000179', 'C00032', 4439.8, 'completed', '2026-03-18 17:54:20', '2026-03-18 17:54:20'),
('O000180', 'C00065', 638.16, 'completed', '2026-03-10 10:11:46', '2026-03-10 10:11:46'),
('O000181', 'C00030', 135.7, 'completed', '2026-03-03 15:46:47', '2026-03-03 15:46:47'),
('O000182', 'C00084', 523.24, 'completed', '2026-04-24 12:18:22', '2026-04-24 12:18:22'),
('O000183', 'C00075', 203.98, 'cancelled', '2026-05-07 21:23:04', '2026-05-07 21:23:04'),
('O000184', 'C00082', 679.01, 'completed', '2026-03-05 11:41:25', '2026-03-05 11:41:25'),
('O000185', 'C00001', 860.14, 'cancelled', '2026-02-25 15:08:05', '2026-02-25 15:08:05'),
('O000186', 'C00022', 626.67, 'processing', '2026-05-08 12:08:24', '2026-05-08 12:08:24'),
('O000187', 'C00099', 367.25, 'completed', '2026-05-06 11:15:37', '2026-05-06 11:15:37'),
('O000188', 'C00047', 833.56, 'completed', '2026-05-14 14:24:28', '2026-05-14 14:24:28'),
('O000189', 'C00067', 2445.25, 'completed', '2026-02-25 12:16:47', '2026-02-25 12:16:47'),
('O000190', 'C00051', 16445.5, 'processing', '2026-05-18 16:58:44', '2026-05-18 16:58:44'),
('O000191', 'C00046', 737.11, 'processing', '2026-03-03 22:53:36', '2026-03-03 22:53:36'),
('O000192', 'C00024', 735.08, 'completed', '2026-03-16 11:52:34', '2026-03-16 11:52:34'),
('O000193', 'C00028', 326.91, 'completed', '2026-03-17 09:29:49', '2026-03-17 09:29:49'),
('O000194', 'C00034', 502.25, 'processing', '2026-03-25 19:09:22', '2026-03-25 19:09:22'),
('O000195', 'C00003', 650.88, 'completed', '2026-05-13 13:40:32', '2026-05-13 13:40:32'),
('O000196', 'C00001', 282.56, 'completed', '2026-05-22 10:50:28', '2026-05-22 10:50:28'),
('O000197', 'C00079', 775.41, 'cancelled', '2026-04-01 01:19:41', '2026-04-01 01:19:41'),
('O000198', 'C00058', 384.8, 'completed', '2026-04-12 13:51:08', '2026-04-12 13:51:08'),
('O000199', 'C00025', 926.42, 'pending', '2026-05-22 11:53:17', '2026-05-22 11:53:17'),
('O000200', 'C00041', 2414.08, 'completed', '2026-03-02 17:18:57', '2026-03-02 17:18:57'),
('O000201', 'C00086', 874.64, 'pending', '2026-03-10 13:16:34', '2026-03-10 13:16:34'),
('O000202', 'C00030', 1136.85, 'completed', '2026-04-02 22:21:01', '2026-04-02 22:21:01'),
('O000203', 'C00039', 194.81, 'completed', '2026-03-04 03:33:44', '2026-03-04 03:33:44'),
('O000204', 'C00056', 311.46, 'cancelled', '2026-03-07 10:23:01', '2026-03-07 10:23:01'),
('O000205', 'C00035', 4701.41, 'processing', '2026-05-15 02:09:26', '2026-05-15 02:09:26'),
('O000206', 'C00034', 860.37, 'completed', '2026-04-25 11:02:05', '2026-04-25 11:02:05'),
('O000207', 'C00036', 199.59, 'cancelled', '2026-04-08 20:13:28', '2026-04-08 20:13:28'),
('O000208', 'C00040', 348.33, 'processing', '2026-03-22 23:46:43', '2026-03-22 23:46:43'),
('O000209', 'C00098', 940.54, 'completed', '2026-05-10 15:02:17', '2026-05-10 15:02:17'),
('O000210', 'C00006', 602.49, 'completed', '2026-03-09 12:54:01', '2026-03-09 12:54:01'),
('O000211', 'C00095', 221.59, 'completed', '2026-03-27 11:11:45', '2026-03-27 11:11:45'),
('O000212', 'C00034', 379.67, 'completed', '2026-04-01 14:36:44', '2026-04-01 14:36:44'),
('O000213', 'C00066', 3369.4, 'completed', '2026-05-22 18:10:30', '2026-05-22 18:10:30'),
('O000214', 'C00010', 653.54, 'completed', '2026-05-18 17:53:40', '2026-05-18 17:53:40'),
('O000215', 'C00048', 4007.73, 'completed', '2026-04-21 09:16:44', '2026-04-21 09:16:44'),
('O000216', 'C00065', 357.0, 'cancelled', '2026-05-22 19:25:27', '2026-05-22 19:25:27'),
('O000217', 'C00049', 589.11, 'completed', '2026-04-23 17:10:51', '2026-04-23 17:10:51'),
('O000218', 'C00066', 3209.37, 'completed', '2026-03-09 17:52:08', '2026-03-09 17:52:08'),
('O000219', 'C00062', 547.25, 'processing', '2026-04-10 23:38:38', '2026-04-10 23:38:38'),
('O000220', 'C00003', 667.09, 'completed', '2026-03-13 19:01:26', '2026-03-13 19:01:26'),
('O000221', 'C00059', 992.33, 'completed', '2026-05-13 14:16:45', '2026-05-13 14:16:45'),
('O000222', 'C00022', 848.45, 'completed', '2026-04-25 15:13:11', '2026-04-25 15:13:11'),
('O000223', 'C00089', 395.39, 'completed', '2026-05-06 12:06:59', '2026-05-06 12:06:59'),
('O000224', 'C00059', 932.99, 'pending', '2026-03-11 01:57:49', '2026-03-11 01:57:49'),
('O000225', 'C00044', 736.52, 'refunded', '2026-04-15 09:39:29', '2026-04-15 09:39:29'),
('O000226', 'C00039', 245.16, 'completed', '2026-04-05 11:46:56', '2026-04-05 11:46:56'),
('O000227', 'C00056', 371.52, 'cancelled', '2026-04-21 17:28:41', '2026-04-21 17:28:41'),
('O000228', 'C00073', 550.12, 'processing', '2026-05-25 13:16:57', '2026-05-25 13:16:57'),
('O000229', 'C00052', 137.63, 'processing', '2026-03-02 16:45:43', '2026-03-02 16:45:43'),
('O000230', 'C00074', 305.95, 'completed', '2026-04-10 12:19:17', '2026-04-10 12:19:17'),
('O000231', 'C00082', 510.65, 'processing', '2026-04-07 14:06:48', '2026-04-07 14:06:48'),
('O000232', 'C00022', 752.61, 'pending', '2026-03-08 09:20:22', '2026-03-08 09:20:22'),
('O000233', 'C00075', 3201.17, 'completed', '2026-03-25 14:36:51', '2026-03-25 14:36:51'),
('O000234', 'C00075', 159.15, 'processing', '2026-04-22 12:03:30', '2026-04-22 12:03:30'),
('O000235', 'C00026', 2710.74, 'processing', '2026-05-20 12:47:46', '2026-05-20 12:47:46'),
('O000236', 'C00061', 775.15, 'pending', '2026-05-18 09:59:02', '2026-05-18 09:59:02'),
('O000237', 'C00075', 486.67, 'processing', '2026-03-19 02:26:48', '2026-03-19 02:26:48'),
('O000238', 'C00023', 2334.45, 'completed', '2026-04-30 17:06:22', '2026-04-30 17:06:22'),
('O000239', 'C00081', 236.94, 'completed', '2026-05-15 22:56:26', '2026-05-15 22:56:26'),
('O000240', 'C00073', 564.09, 'completed', '2026-03-31 09:14:58', '2026-03-31 09:14:58'),
('O000241', 'C00022', 175.51, 'cancelled', '2026-05-18 13:24:12', '2026-05-18 13:24:12'),
('O000242', 'C00043', 2269.93, 'completed', '2026-05-01 04:36:53', '2026-05-01 04:36:53'),
('O000243', 'C00058', 2658.56, 'completed', '2026-03-30 13:32:03', '2026-03-30 13:32:03'),
('O000244', 'C00068', 2126.43, 'completed', '2026-03-20 09:33:08', '2026-03-20 09:33:08'),
('O000245', 'C00054', 1166.96, 'cancelled', '2026-04-26 09:46:49', '2026-04-26 09:46:49'),
('O000246', 'C00091', 4352.12, 'completed', '2026-04-27 05:39:43', '2026-04-27 05:39:43'),
('O000247', 'C00077', 355.01, 'processing', '2026-05-01 15:33:40', '2026-05-01 15:33:40'),
('O000248', 'C00062', 366.35, 'completed', '2026-05-15 14:07:08', '2026-05-15 14:07:08'),
('O000249', 'C00018', 329.55, 'completed', '2026-03-06 15:56:43', '2026-03-06 15:56:43'),
('O000250', 'C00052', 771.98, 'pending', '2026-02-24 09:28:15', '2026-02-24 09:28:15'),
('O000251', 'C00045', 854.45, 'completed', '2026-05-07 01:10:26', '2026-05-07 01:10:26'),
('O000252', 'C00080', 923.7, 'completed', '2026-05-21 17:47:32', '2026-05-21 17:47:32'),
('O000253', 'C00032', 914.86, 'completed', '2026-04-22 17:51:11', '2026-04-22 17:51:11'),
('O000254', 'C00003', 3065.71, 'completed', '2026-03-20 11:42:54', '2026-03-20 11:42:54'),
('O000255', 'C00005', 618.73, 'completed', '2026-03-30 09:58:09', '2026-03-30 09:58:09'),
('O000256', 'C00063', 1623.11, 'completed', '2026-04-13 16:36:47', '2026-04-13 16:36:47'),
('O000257', 'C00055', 3601.45, 'refunded', '2026-04-06 09:38:21', '2026-04-06 09:38:21'),
('O000258', 'C00077', 956.61, 'pending', '2026-04-14 17:18:23', '2026-04-14 17:18:23'),
('O000259', 'C00042', 1784.32, 'processing', '2026-03-25 00:10:11', '2026-03-25 00:10:11'),
('O000260', 'C00044', 289.26, 'completed', '2026-03-27 12:50:17', '2026-03-27 12:50:17'),
('O000261', 'C00018', 415.18, 'completed', '2026-03-22 14:18:29', '2026-03-22 14:18:29'),
('O000262', 'C00013', 1700.51, 'completed', '2026-05-11 13:35:36', '2026-05-11 13:35:36'),
('O000263', 'C00082', 4688.62, 'pending', '2026-04-08 12:13:27', '2026-04-08 12:13:27'),
('O000264', 'C00055', 2897.28, 'completed', '2026-03-15 02:40:10', '2026-03-15 02:40:10'),
('O000265', 'C00066', 394.16, 'completed', '2026-04-07 10:14:56', '2026-04-07 10:14:56'),
('O000266', 'C00013', 664.02, 'processing', '2026-03-25 16:26:58', '2026-03-25 16:26:58'),
('O000267', 'C00017', 4162.04, 'completed', '2026-05-06 15:04:35', '2026-05-06 15:04:35'),
('O000268', 'C00018', 9547.64, 'completed', '2026-05-09 17:21:36', '2026-05-09 17:21:36'),
('O000269', 'C00094', 748.18, 'completed', '2026-03-28 01:27:29', '2026-03-28 01:27:29'),
('O000270', 'C00025', 140.19, 'completed', '2026-04-21 16:38:34', '2026-04-21 16:38:34'),
('O000271', 'C00037', 2339.15, 'completed', '2026-03-05 21:48:22', '2026-03-05 21:48:22'),
('O000272', 'C00034', 543.6, 'completed', '2026-03-17 12:35:30', '2026-03-17 12:35:30'),
('O000273', 'C00009', 314.64, 'refunded', '2026-05-11 11:29:09', '2026-05-11 11:29:09'),
('O000274', 'C00029', 601.48, 'cancelled', '2026-05-13 04:39:18', '2026-05-13 04:39:18'),
('O000275', 'C00082', 568.65, 'completed', '2026-03-31 17:08:38', '2026-03-31 17:08:38'),
('O000276', 'C00016', 4107.43, 'pending', '2026-05-17 23:44:17', '2026-05-17 23:44:17'),
('O000277', 'C00046', 972.05, 'completed', '2026-05-10 18:18:51', '2026-05-10 18:18:51'),
('O000278', 'C00011', 17294.23, 'refunded', '2026-04-19 07:41:25', '2026-04-19 07:41:25'),
('O000279', 'C00009', 407.89, 'completed', '2026-05-22 09:23:45', '2026-05-22 09:23:45'),
('O000280', 'C00037', 156.85, 'completed', '2026-05-12 15:52:03', '2026-05-12 15:52:03'),
('O000281', 'C00062', 422.41, 'processing', '2026-03-28 11:11:19', '2026-03-28 11:11:19'),
('O000282', 'C00050', 4820.75, 'completed', '2026-05-13 13:42:08', '2026-05-13 13:42:08'),
('O000283', 'C00043', 974.78, 'cancelled', '2026-05-07 13:47:57', '2026-05-07 13:47:57'),
('O000284', 'C00035', 444.56, 'completed', '2026-03-29 11:15:36', '2026-03-29 11:15:36'),
('O000285', 'C00099', 167.25, 'completed', '2026-04-23 10:35:09', '2026-04-23 10:35:09'),
('O000286', 'C00027', 641.56, 'completed', '2026-05-13 10:08:48', '2026-05-13 10:08:48'),
('O000287', 'C00016', 3346.03, 'cancelled', '2026-04-15 06:30:20', '2026-04-15 06:30:20'),
('O000288', 'C00020', 170.57, 'completed', '2026-05-01 23:25:53', '2026-05-01 23:25:53'),
('O000289', 'C00082', 682.5, 'processing', '2026-04-13 09:56:06', '2026-04-13 09:56:06'),
('O000290', 'C00030', 858.53, 'processing', '2026-04-06 09:38:44', '2026-04-06 09:38:44'),
('O000291', 'C00036', 3357.07, 'completed', '2026-04-09 15:03:02', '2026-04-09 15:03:02'),
('O000292', 'C00019', 2295.62, 'completed', '2026-04-22 11:53:40', '2026-04-22 11:53:40'),
('O000293', 'C00083', 863.38, 'refunded', '2026-05-09 11:22:28', '2026-05-09 11:22:28'),
('O000294', 'C00064', 277.84, 'processing', '2026-03-15 03:53:28', '2026-03-15 03:53:28'),
('O000295', 'C00044', 3407.31, 'processing', '2026-03-28 10:29:03', '2026-03-28 10:29:03'),
('O000296', 'C00024', 116.08, 'completed', '2026-05-04 16:14:14', '2026-05-04 16:14:14'),
('O000297', 'C00044', 3406.79, 'processing', '2026-04-05 09:26:40', '2026-04-05 09:26:40'),
('O000298', 'C00009', 4706.61, 'completed', '2026-05-23 14:51:01', '2026-05-23 14:51:01'),
('O000299', 'C00039', 728.33, 'completed', '2026-03-04 16:24:55', '2026-03-04 16:24:55'),
('O000300', 'C00054', 796.0, 'processing', '2026-04-01 09:20:44', '2026-04-01 09:20:44'),
('O000301', 'C00005', 650.33, 'completed', '2026-05-24 10:14:45', '2026-05-24 10:14:45'),
('O000302', 'C00057', 629.78, 'completed', '2026-03-02 15:18:39', '2026-03-02 15:18:39'),
('O000303', 'C00061', 173.6, 'completed', '2026-03-30 15:32:53', '2026-03-30 15:32:53'),
('O000304', 'C00088', 1059.65, 'pending', '2026-03-17 16:17:14', '2026-03-17 16:17:14'),
('O000305', 'C00077', 298.11, 'completed', '2026-03-19 11:44:16', '2026-03-19 11:44:16'),
('O000306', 'C00007', 2408.16, 'completed', '2026-03-21 15:51:13', '2026-03-21 15:51:13'),
('O000307', 'C00069', 401.99, 'cancelled', '2026-04-08 01:25:32', '2026-04-08 01:25:32'),
('O000308', 'C00061', 756.73, 'completed', '2026-02-24 09:30:52', '2026-02-24 09:30:52'),
('O000309', 'C00039', 1061.88, 'completed', '2026-04-13 03:23:17', '2026-04-13 03:23:17'),
('O000310', 'C00044', 669.66, 'completed', '2026-05-03 19:34:02', '2026-05-03 19:34:02'),
('O000311', 'C00036', 142.44, 'refunded', '2026-02-24 10:15:51', '2026-02-24 10:15:51'),
('O000312', 'C00006', 18857.96, 'completed', '2026-05-09 13:04:18', '2026-05-09 13:04:18'),
('O000313', 'C00029', 642.99, 'completed', '2026-04-24 10:37:38', '2026-04-24 10:37:38'),
('O000314', 'C00010', 659.71, 'processing', '2026-04-22 13:24:40', '2026-04-22 13:24:40'),
('O000315', 'C00057', 690.63, 'refunded', '2026-05-05 12:18:00', '2026-05-05 12:18:00'),
('O000316', 'C00091', 161.79, 'pending', '2026-03-13 12:39:33', '2026-03-13 12:39:33'),
('O000317', 'C00049', 541.22, 'completed', '2026-03-21 02:11:37', '2026-03-21 02:11:37'),
('O000318', 'C00081', 3816.36, 'pending', '2026-04-20 12:28:11', '2026-04-20 12:28:11'),
('O000319', 'C00086', 525.24, 'completed', '2026-02-25 23:04:30', '2026-02-25 23:04:30'),
('O000320', 'C00068', 687.88, 'completed', '2026-03-27 17:57:02', '2026-03-27 17:57:02'),
('O000321', 'C00073', 208.45, 'completed', '2026-04-02 09:28:40', '2026-04-02 09:28:40'),
('O000322', 'C00027', 1352.2, 'completed', '2026-03-26 13:17:56', '2026-03-26 13:17:56'),
('O000323', 'C00047', 625.43, 'completed', '2026-04-03 10:39:03', '2026-04-03 10:39:03'),
('O000324', 'C00067', 3849.04, 'completed', '2026-04-02 16:42:27', '2026-04-02 16:42:27'),
('O000325', 'C00016', 912.5, 'completed', '2026-03-09 20:58:27', '2026-03-09 20:58:27'),
('O000326', 'C00085', 403.19, 'pending', '2026-04-16 14:03:32', '2026-04-16 14:03:32'),
('O000327', 'C00059', 2232.07, 'completed', '2026-04-16 09:01:39', '2026-04-16 09:01:39'),
('O000328', 'C00053', 1467.74, 'completed', '2026-04-09 13:08:45', '2026-04-09 13:08:45'),
('O000329', 'C00032', 338.31, 'cancelled', '2026-02-25 14:48:08', '2026-02-25 14:48:08'),
('O000330', 'C00027', 800.97, 'processing', '2026-03-22 09:26:41', '2026-03-22 09:26:41'),
('O000331', 'C00027', 823.46, 'cancelled', '2026-05-01 16:29:42', '2026-05-01 16:29:42'),
('O000332', 'C00062', 4050.26, 'completed', '2026-05-09 12:28:23', '2026-05-09 12:28:23'),
('O000333', 'C00086', 175.26, 'completed', '2026-04-27 14:55:11', '2026-04-27 14:55:11'),
('O000334', 'C00080', 397.65, 'completed', '2026-04-10 13:25:29', '2026-04-10 13:25:29'),
('O000335', 'C00008', 441.85, 'completed', '2026-05-07 17:46:27', '2026-05-07 17:46:27'),
('O000336', 'C00016', 823.9, 'completed', '2026-04-29 09:38:36', '2026-04-29 09:38:36'),
('O000337', 'C00038', 334.49, 'pending', '2026-04-22 10:39:07', '2026-04-22 10:39:07'),
('O000338', 'C00017', 714.63, 'completed', '2026-04-19 17:51:06', '2026-04-19 17:51:06'),
('O000339', 'C00025', 506.73, 'completed', '2026-04-29 00:33:41', '2026-04-29 00:33:41'),
('O000340', 'C00072', 967.62, 'completed', '2026-03-03 16:05:08', '2026-03-03 16:05:08'),
('O000341', 'C00027', 4661.21, 'completed', '2026-05-06 03:02:35', '2026-05-06 03:02:35'),
('O000342', 'C00090', 819.05, 'completed', '2026-03-10 02:06:52', '2026-03-10 02:06:52'),
('O000343', 'C00014', 1546.3, 'completed', '2026-04-30 15:48:10', '2026-04-30 15:48:10'),
('O000344', 'C00094', 804.95, 'completed', '2026-04-15 23:57:51', '2026-04-15 23:57:51'),
('O000345', 'C00042', 220.74, 'completed', '2026-05-15 10:49:09', '2026-05-15 10:49:09'),
('O000346', 'C00099', 375.45, 'pending', '2026-05-24 11:14:11', '2026-05-24 11:14:11'),
('O000347', 'C00084', 3494.52, 'completed', '2026-05-01 11:16:07', '2026-05-01 11:16:07'),
('O000348', 'C00072', 275.14, 'completed', '2026-04-13 16:51:39', '2026-04-13 16:51:39'),
('O000349', 'C00016', 3442.01, 'completed', '2026-04-23 16:20:09', '2026-04-23 16:20:09'),
('O000350', 'C00004', 1728.34, 'completed', '2026-03-20 15:42:17', '2026-03-20 15:42:17'),
('O000351', 'C00033', 3986.57, 'pending', '2026-03-05 16:42:11', '2026-03-05 16:42:11'),
('O000352', 'C00100', 893.71, 'processing', '2026-04-01 15:49:08', '2026-04-01 15:49:08'),
('O000353', 'C00011', 9805.42, 'completed', '2026-04-14 11:56:02', '2026-04-14 11:56:02'),
('O000354', 'C00062', 3752.05, 'refunded', '2026-03-21 12:39:16', '2026-03-21 12:39:16'),
('O000355', 'C00001', 173.41, 'completed', '2026-04-24 02:44:39', '2026-04-24 02:44:39'),
('O000356', 'C00073', 204.29, 'pending', '2026-05-11 10:01:15', '2026-05-11 10:01:15'),
('O000357', 'C00003', 411.97, 'completed', '2026-04-02 10:26:42', '2026-04-02 10:26:42'),
('O000358', 'C00098', 2105.19, 'processing', '2026-04-19 14:53:54', '2026-04-19 14:53:54'),
('O000359', 'C00037', 6942.82, 'processing', '2026-03-10 10:16:50', '2026-03-10 10:16:50'),
('O000360', 'C00051', 263.58, 'completed', '2026-05-22 12:28:13', '2026-05-22 12:28:13'),
('O000361', 'C00076', 3442.59, 'completed', '2026-03-20 15:32:01', '2026-03-20 15:32:01'),
('O000362', 'C00092', 3313.74, 'completed', '2026-03-12 12:16:12', '2026-03-12 12:16:12'),
('O000363', 'C00053', 757.35, 'completed', '2026-03-12 16:17:13', '2026-03-12 16:17:13'),
('O000364', 'C00083', 904.14, 'completed', '2026-05-04 17:15:08', '2026-05-04 17:15:08'),
('O000365', 'C00048', 286.53, 'refunded', '2026-04-10 12:08:59', '2026-04-10 12:08:59'),
('O000366', 'C00081', 937.94, 'cancelled', '2026-05-20 16:01:21', '2026-05-20 16:01:21'),
('O000367', 'C00039', 223.31, 'completed', '2026-03-20 16:38:21', '2026-03-20 16:38:21'),
('O000368', 'C00039', 183.13, 'completed', '2026-03-03 12:21:58', '2026-03-03 12:21:58'),
('O000369', 'C00018', 2191.42, 'completed', '2026-03-05 09:27:42', '2026-03-05 09:27:42'),
('O000370', 'C00032', 109.19, 'refunded', '2026-04-27 20:05:09', '2026-04-27 20:05:09'),
('O000371', 'C00056', 237.63, 'pending', '2026-03-18 16:56:23', '2026-03-18 16:56:23'),
('O000372', 'C00091', 484.16, 'completed', '2026-03-06 05:27:42', '2026-03-06 05:27:42'),
('O000373', 'C00077', 435.46, 'processing', '2026-05-22 14:51:22', '2026-05-22 14:51:22'),
('O000374', 'C00083', 496.38, 'completed', '2026-03-30 09:11:56', '2026-03-30 09:11:56'),
('O000375', 'C00081', 3001.24, 'completed', '2026-05-17 23:58:24', '2026-05-17 23:58:24'),
('O000376', 'C00039', 607.84, 'cancelled', '2026-05-13 09:22:04', '2026-05-13 09:22:04'),
('O000377', 'C00031', 124.67, 'completed', '2026-04-30 15:06:29', '2026-04-30 15:06:29'),
('O000378', 'C00041', 506.75, 'completed', '2026-02-26 13:50:18', '2026-02-26 13:50:18'),
('O000379', 'C00085', 3192.57, 'completed', '2026-03-10 14:15:27', '2026-03-10 14:15:27'),
('O000380', 'C00024', 931.4, 'completed', '2026-04-01 01:19:06', '2026-04-01 01:19:06'),
('O000381', 'C00053', 2999.92, 'completed', '2026-03-11 23:10:07', '2026-03-11 23:10:07'),
('O000382', 'C00032', 555.13, 'completed', '2026-04-21 14:27:53', '2026-04-21 14:27:53'),
('O000383', 'C00030', 844.85, 'completed', '2026-04-17 01:58:52', '2026-04-17 01:58:52'),
('O000384', 'C00044', 401.72, 'completed', '2026-03-22 03:13:37', '2026-03-22 03:13:37'),
('O000385', 'C00031', 3052.72, 'completed', '2026-04-05 15:44:48', '2026-04-05 15:44:48'),
('O000386', 'C00089', 929.3, 'completed', '2026-05-14 14:46:18', '2026-05-14 14:46:18'),
('O000387', 'C00072', 963.23, 'completed', '2026-04-30 10:03:17', '2026-04-30 10:03:17'),
('O000388', 'C00012', 485.31, 'processing', '2026-03-29 17:41:46', '2026-03-29 17:41:46'),
('O000389', 'C00018', 4027.4, 'completed', '2026-05-20 16:07:47', '2026-05-20 16:07:47'),
('O000390', 'C00005', 851.41, 'completed', '2026-03-13 13:36:19', '2026-03-13 13:36:19'),
('O000391', 'C00025', 252.56, 'completed', '2026-03-17 08:22:15', '2026-03-17 08:22:15'),
('O000392', 'C00060', 390.2, 'cancelled', '2026-05-13 15:01:24', '2026-05-13 15:01:24'),
('O000393', 'C00060', 178.01, 'completed', '2026-04-27 18:28:53', '2026-04-27 18:28:53'),
('O000394', 'C00079', 312.86, 'processing', '2026-05-04 06:19:12', '2026-05-04 06:19:12'),
('O000395', 'C00058', 741.39, 'completed', '2026-04-10 23:37:49', '2026-04-10 23:37:49'),
('O000396', 'C00040', 846.44, 'processing', '2026-04-24 16:02:27', '2026-04-24 16:02:27'),
('O000397', 'C00059', 1549.43, 'cancelled', '2026-05-01 10:51:28', '2026-05-01 10:51:28'),
('O000398', 'C00009', 809.29, 'completed', '2026-05-04 17:05:57', '2026-05-04 17:05:57'),
('O000399', 'C00021', 4577.18, 'processing', '2026-05-15 14:48:40', '2026-05-15 14:48:40'),
('O000400', 'C00071', 2139.45, 'completed', '2026-04-28 10:03:32', '2026-04-28 10:03:32'),
('O000401', 'C00089', 373.2, 'completed', '2026-05-04 13:51:25', '2026-05-04 13:51:25'),
('O000402', 'C00038', 3453.58, 'cancelled', '2026-03-18 13:05:34', '2026-03-18 13:05:34'),
('O000403', 'C00043', 723.87, 'completed', '2026-04-29 13:56:51', '2026-04-29 13:56:51'),
('O000404', 'C00028', 751.25, 'completed', '2026-04-25 09:24:58', '2026-04-25 09:24:58'),
('O000405', 'C00013', 4056.11, 'completed', '2026-04-15 17:22:56', '2026-04-15 17:22:56'),
('O000406', 'C00006', 1154.63, 'processing', '2026-05-14 16:21:02', '2026-05-14 16:21:02'),
('O000407', 'C00047', 3988.15, 'pending', '2026-04-06 11:00:37', '2026-04-06 11:00:37'),
('O000408', 'C00031', 703.2, 'refunded', '2026-04-14 13:11:58', '2026-04-14 13:11:58'),
('O000409', 'C00100', 493.88, 'pending', '2026-05-12 14:39:08', '2026-05-12 14:39:08'),
('O000410', 'C00059', 194.74, 'completed', '2026-04-08 12:24:05', '2026-04-08 12:24:05'),
('O000411', 'C00079', 954.76, 'completed', '2026-03-27 14:21:58', '2026-03-27 14:21:58'),
('O000412', 'C00034', 513.44, 'completed', '2026-04-22 16:55:03', '2026-04-22 16:55:03'),
('O000413', 'C00031', 146.97, 'refunded', '2026-03-17 13:50:24', '2026-03-17 13:50:24'),
('O000414', 'C00019', 3988.11, 'completed', '2026-03-16 20:24:28', '2026-03-16 20:24:28'),
('O000415', 'C00006', 279.34, 'completed', '2026-04-10 17:45:44', '2026-04-10 17:45:44'),
('O000416', 'C00032', 700.23, 'completed', '2026-03-21 15:55:03', '2026-03-21 15:55:03'),
('O000417', 'C00067', 672.79, 'pending', '2026-04-27 13:45:06', '2026-04-27 13:45:06'),
('O000418', 'C00034', 761.25, 'cancelled', '2026-04-03 15:33:21', '2026-04-03 15:33:21'),
('O000419', 'C00081', 560.69, 'completed', '2026-05-11 18:49:39', '2026-05-11 18:49:39'),
('O000420', 'C00068', 314.22, 'completed', '2026-05-10 13:30:54', '2026-05-10 13:30:54'),
('O000421', 'C00025', 2520.89, 'pending', '2026-04-02 11:29:06', '2026-04-02 11:29:06'),
('O000422', 'C00092', 648.61, 'pending', '2026-03-23 05:41:10', '2026-03-23 05:41:10'),
('O000423', 'C00100', 17246.82, 'completed', '2026-03-10 13:14:17', '2026-03-10 13:14:17'),
('O000424', 'C00093', 321.61, 'completed', '2026-03-04 09:11:33', '2026-03-04 09:11:33'),
('O000425', 'C00004', 736.59, 'completed', '2026-04-14 16:34:20', '2026-04-14 16:34:20'),
('O000426', 'C00085', 587.69, 'processing', '2026-05-15 10:07:43', '2026-05-15 10:07:43'),
('O000427', 'C00090', 182.52, 'completed', '2026-04-09 14:41:23', '2026-04-09 14:41:23'),
('O000428', 'C00033', 13310.52, 'completed', '2026-05-22 17:14:55', '2026-05-22 17:14:55'),
('O000429', 'C00079', 3666.36, 'completed', '2026-03-26 13:49:17', '2026-03-26 13:49:17'),
('O000430', 'C00043', 3589.58, 'refunded', '2026-04-24 10:59:13', '2026-04-24 10:59:13'),
('O000431', 'C00004', 735.96, 'completed', '2026-05-05 16:57:48', '2026-05-05 16:57:48'),
('O000432', 'C00063', 546.99, 'completed', '2026-04-05 15:56:32', '2026-04-05 15:56:32'),
('O000433', 'C00047', 165.16, 'completed', '2026-04-21 20:05:13', '2026-04-21 20:05:13'),
('O000434', 'C00046', 2028.36, 'completed', '2026-05-19 09:18:35', '2026-05-19 09:18:35'),
('O000435', 'C00040', 773.27, 'completed', '2026-04-08 12:16:07', '2026-04-08 12:16:07'),
('O000436', 'C00031', 423.66, 'refunded', '2026-03-02 17:18:20', '2026-03-02 17:18:20'),
('O000437', 'C00041', 913.21, 'pending', '2026-05-10 16:28:05', '2026-05-10 16:28:05'),
('O000438', 'C00067', 532.18, 'completed', '2026-03-24 17:09:25', '2026-03-24 17:09:25'),
('O000439', 'C00020', 753.62, 'pending', '2026-03-05 11:34:18', '2026-03-05 11:34:18'),
('O000440', 'C00086', 381.66, 'processing', '2026-04-21 11:12:35', '2026-04-21 11:12:35'),
('O000441', 'C00056', 1928.15, 'completed', '2026-05-02 16:34:46', '2026-05-02 16:34:46'),
('O000442', 'C00075', 1180.09, 'refunded', '2026-02-27 23:03:00', '2026-02-27 23:03:00'),
('O000443', 'C00091', 901.34, 'completed', '2026-02-27 14:46:18', '2026-02-27 14:46:18'),
('O000444', 'C00044', 915.78, 'processing', '2026-05-21 17:20:31', '2026-05-21 17:20:31'),
('O000445', 'C00078', 232.36, 'completed', '2026-04-20 22:59:14', '2026-04-20 22:59:14'),
('O000446', 'C00055', 562.36, 'completed', '2026-02-24 09:22:22', '2026-02-24 09:22:22'),
('O000447', 'C00012', 928.21, 'pending', '2026-03-27 09:51:43', '2026-03-27 09:51:43'),
('O000448', 'C00064', 668.81, 'completed', '2026-03-18 16:23:31', '2026-03-18 16:23:31'),
('O000449', 'C00041', 2674.47, 'completed', '2026-04-29 22:47:05', '2026-04-29 22:47:05'),
('O000450', 'C00060', 357.33, 'cancelled', '2026-05-04 10:47:06', '2026-05-04 10:47:06'),
('O000451', 'C00086', 10701.56, 'completed', '2026-05-19 10:19:37', '2026-05-19 10:19:37'),
('O000452', 'C00022', 307.76, 'cancelled', '2026-04-27 17:20:58', '2026-04-27 17:20:58'),
('O000453', 'C00011', 929.38, 'completed', '2026-05-06 16:20:32', '2026-05-06 16:20:32'),
('O000454', 'C00084', 220.99, 'completed', '2026-03-14 12:51:28', '2026-03-14 12:51:28'),
('O000455', 'C00021', 414.85, 'completed', '2026-04-27 12:13:36', '2026-04-27 12:13:36'),
('O000456', 'C00016', 982.83, 'completed', '2026-05-11 17:35:20', '2026-05-11 17:35:20'),
('O000457', 'C00095', 1708.1, 'completed', '2026-04-01 14:35:06', '2026-04-01 14:35:06'),
('O000458', 'C00005', 353.12, 'completed', '2026-04-05 17:06:16', '2026-04-05 17:06:16'),
('O000459', 'C00100', 5921.86, 'completed', '2026-02-27 09:58:50', '2026-02-27 09:58:50'),
('O000460', 'C00092', 1545.03, 'completed', '2026-03-24 02:43:17', '2026-03-24 02:43:17'),
('O000461', 'C00028', 1875.95, 'completed', '2026-04-29 10:40:33', '2026-04-29 10:40:33'),
('O000462', 'C00044', 718.41, 'completed', '2026-05-04 11:39:41', '2026-05-04 11:39:41'),
('O000463', 'C00010', 173.36, 'refunded', '2026-03-17 12:12:15', '2026-03-17 12:12:15'),
('O000464', 'C00017', 3087.53, 'completed', '2026-05-20 09:22:29', '2026-05-20 09:22:29'),
('O000465', 'C00017', 844.6, 'completed', '2026-04-13 13:58:47', '2026-04-13 13:58:47'),
('O000466', 'C00008', 399.67, 'completed', '2026-03-01 10:26:15', '2026-03-01 10:26:15'),
('O000467', 'C00015', 307.5, 'cancelled', '2026-05-03 16:55:57', '2026-05-03 16:55:57'),
('O000468', 'C00042', 632.91, 'completed', '2026-03-18 14:48:39', '2026-03-18 14:48:39'),
('O000469', 'C00040', 608.58, 'completed', '2026-03-20 13:02:43', '2026-03-20 13:02:43'),
('O000470', 'C00092', 392.26, 'completed', '2026-03-23 17:28:27', '2026-03-23 17:28:27'),
('O000471', 'C00086', 664.62, 'processing', '2026-05-05 19:21:40', '2026-05-05 19:21:40'),
('O000472', 'C00014', 399.52, 'processing', '2026-04-15 16:12:53', '2026-04-15 16:12:53'),
('O000473', 'C00017', 2685.59, 'pending', '2026-05-12 13:26:31', '2026-05-12 13:26:31'),
('O000474', 'C00023', 4992.94, 'processing', '2026-04-30 12:51:17', '2026-04-30 12:51:17'),
('O000475', 'C00001', 800.48, 'completed', '2026-05-13 10:17:14', '2026-05-13 10:17:14'),
('O000476', 'C00088', 3391.12, 'cancelled', '2026-04-27 09:17:09', '2026-04-27 09:17:09'),
('O000477', 'C00004', 3562.18, 'completed', '2026-04-16 13:38:59', '2026-04-16 13:38:59'),
('O000478', 'C00016', 510.02, 'completed', '2026-04-13 12:17:41', '2026-04-13 12:17:41'),
('O000479', 'C00096', 801.26, 'pending', '2026-04-09 17:35:20', '2026-04-09 17:35:20'),
('O000480', 'C00005', 301.12, 'completed', '2026-03-20 14:07:07', '2026-03-20 14:07:07'),
('O000481', 'C00022', 4227.63, 'pending', '2026-04-06 21:30:41', '2026-04-06 21:30:41'),
('O000482', 'C00068', 603.99, 'completed', '2026-04-08 09:23:56', '2026-04-08 09:23:56'),
('O000483', 'C00073', 183.93, 'cancelled', '2026-02-25 11:05:00', '2026-02-25 11:05:00'),
('O000484', 'C00035', 686.08, 'cancelled', '2026-03-23 12:36:14', '2026-03-23 12:36:14'),
('O000485', 'C00068', 288.9, 'completed', '2026-05-13 13:28:07', '2026-05-13 13:28:07'),
('O000486', 'C00086', 9171.76, 'completed', '2026-02-27 10:01:48', '2026-02-27 10:01:48'),
('O000487', 'C00085', 3610.27, 'completed', '2026-05-06 12:43:19', '2026-05-06 12:43:19'),
('O000488', 'C00095', 164.33, 'cancelled', '2026-05-06 11:43:10', '2026-05-06 11:43:10'),
('O000489', 'C00088', 657.17, 'completed', '2026-02-24 12:47:37', '2026-02-24 12:47:37'),
('O000490', 'C00100', 797.56, 'pending', '2026-03-26 14:45:25', '2026-03-26 14:45:25'),
('O000491', 'C00005', 175.3, 'processing', '2026-04-30 13:49:52', '2026-04-30 13:49:52'),
('O000492', 'C00099', 990.33, 'pending', '2026-04-19 10:25:47', '2026-04-19 10:25:47'),
('O000493', 'C00037', 394.58, 'completed', '2026-04-16 11:50:07', '2026-04-16 11:50:07'),
('O000494', 'C00073', 321.05, 'completed', '2026-03-10 15:31:26', '2026-03-10 15:31:26'),
('O000495', 'C00081', 866.82, 'completed', '2026-03-23 16:37:32', '2026-03-23 16:37:32'),
('O000496', 'C00094', 607.68, 'processing', '2026-04-16 12:33:07', '2026-04-16 12:33:07'),
('O000497', 'C00020', 994.04, 'processing', '2026-02-25 09:27:21', '2026-02-25 09:27:21'),
('O000498', 'C00076', 598.96, 'processing', '2026-05-24 13:38:53', '2026-05-24 13:38:53'),
('O000499', 'C00097', 845.55, 'processing', '2026-04-03 20:54:36', '2026-04-03 20:54:36'),
('O000500', 'C00079', 814.83, 'completed', '2026-05-03 12:41:50', '2026-05-03 12:41:50');

-- ============================================================
-- 插入 300 条工单数据
-- ============================================================
INSERT INTO business.tickets (ticket_id, customer_id, order_id, subject, description, category, priority, status, agent_summary, created_at, updated_at, sla_deadline, first_response_at, resolved_at, escalation_count, assigned_to) VALUES
('T000001', 'C00020', 'O000192', '对账单下载功能异常', '客户反馈在支付环节点击确认后页面无响应，已尝试更换浏览器和网络环境，问题依旧。请技术团队排查支付网关日志。', 'billing', 'high', 'in_progress', '客户朱明反馈billing问题，优先级high。', '2026-03-14 14:19:38', '2026-03-14 14:19:38', '2026-03-14 22:19:38', '2026-03-14 16:46:38', NULL, 0, 'U001'),
('T000002', 'C00075', NULL, '批量导入数据失败，报错信息不明确', '客户尝试下载本月对账单时页面报错''文件生成失败''，已尝试多次均无法成功。', 'technical', 'urgent', 'in_progress', '客户李娟反馈technical问题，优先级urgent。', '2026-05-15 22:50:18', '2026-05-15 22:50:18', '2026-05-16 02:50:18', '2026-05-16 01:33:25', NULL, 0, 'U003'),
('T000003', 'C00031', NULL, '订单 N/A 物流信息未更新', '客户反馈在支付环节点击确认后页面无响应，已尝试更换浏览器和网络环境，问题依旧。请技术团队排查支付网关日志。', 'general', 'medium', 'closed', '客户周娜反馈general问题，优先级medium。', '2026-04-10 12:35:17', '2026-04-10 12:35:17', '2026-04-11 12:35:17', '2026-04-10 14:42:15', '2026-04-10 18:30:21', 0, 'U002'),
('T000004', 'C00082', 'O000482', '发票开具申请 - 订单 O000482', '业务高峰期（每日 10:00-11:00）API 响应时间超过 5 秒，导致订单创建失败率上升至 15%，严重影响客户体验。', 'general', 'medium', 'in_progress', '客户杨杰反馈general问题，优先级medium。', '2026-03-24 05:44:41', '2026-03-24 05:44:41', '2026-03-25 05:44:41', '2026-03-24 08:29:41', NULL, 0, 'U001'),
('T000005', 'C00075', 'O000345', '权限申请 - 需要开通高级功能', '客户反馈订单已签收 3 天，但系统物流信息仍停留在''运输中''状态，要求更新。', 'billing', 'low', 'open', NULL, '2026-04-09 17:13:39', '2026-04-09 17:13:39', '2026-04-11 17:13:39', NULL, NULL, 0, NULL),
('T000006', 'C00011', 'O000192', '权限申请 - 需要开通高级功能', '客户账户在 3日13时 被重复扣款两次，金额分别为 ¥115.17 和 ¥750.04，订单号相同。客户要求立即退还多扣款项并给出解释。', 'account', 'medium', 'resolved', '客户林明反馈account问题，优先级medium。', '2026-03-02 12:35:54', '2026-03-02 12:35:54', '2026-03-03 12:35:54', '2026-03-02 14:46:54', '2026-03-03 06:07:41', 0, 'U001'),
('T000007', 'C00030', 'O000429', '发票开具申请 - 订单 O000429', '客户于 4 天前提交退款申请，至今未到账。多次催促无果，情绪激动，威胁投诉至消费者协会。', 'technical', 'low', 'open', NULL, '2026-05-19 18:03:25', '2026-05-19 18:03:25', '2026-05-21 18:03:25', NULL, NULL, 0, NULL),
('T000008', 'C00057', NULL, '订单 N/A 支付失败，请协助处理', '客户报告账户余额显示为负数，但近期无大额消费记录。怀疑系统计算错误，需财务和技术联合核查。', 'general', 'urgent', 'resolved', '客户胡洋反馈general问题，优先级urgent。', '2026-04-12 17:48:14', '2026-04-12 17:48:14', '2026-04-12 21:48:14', '2026-04-12 19:10:21', '2026-04-13 11:11:53', 0, 'U001'),
('T000009', 'C00030', NULL, 'API 调用频繁超时，影响业务', '客户账户在 28日12时 被重复扣款两次，金额分别为 ¥195.58 和 ¥109.61，订单号相同。客户要求立即退还多扣款项并给出解释。', 'billing', 'high', 'closed', '客户胡超反馈billing问题，优先级high。', '2026-02-25 12:36:42', '2026-02-25 12:36:42', '2026-02-25 20:36:42', '2026-02-25 14:14:38', '2026-02-25 15:40:02', 1, 'U003'),
('T000010', 'C00073', NULL, '订单 N/A 支付失败，请协助处理', '企业客户要求开具增值税专用发票，抬头：长沙华美科技有限公司，税号：9111000034444261，订单金额 ¥3174.0。', 'general', 'medium', 'in_progress', '客户赵杰反馈general问题，优先级medium。', '2026-03-07 10:43:50', '2026-03-07 10:43:50', '2026-03-08 10:43:50', '2026-03-07 14:25:37', NULL, 0, 'U002'),
('T000011', 'C00056', NULL, '数据同步延迟，订单状态未更新', '业务高峰期（每日 10:00-11:00）API 响应时间超过 5 秒，导致订单创建失败率上升至 15%，严重影响客户体验。', 'technical', 'low', 'open', NULL, '2026-03-05 09:32:14', '2026-03-05 09:32:14', '2026-03-07 09:32:14', NULL, NULL, 0, NULL),
('T000012', 'C00061', 'O000198', '服务到期续费问题咨询', '客户报告账户余额显示为负数，但近期无大额消费记录。怀疑系统计算错误，需财务和技术联合核查。', 'technical', 'low', 'open', NULL, '2026-02-25 19:26:49', '2026-02-25 19:26:49', '2026-02-27 19:26:49', NULL, NULL, 0, NULL),
('T000013', 'C00021', NULL, '对账单下载功能异常', '客户反馈订单已签收 3 天，但系统物流信息仍停留在''运输中''状态，要求更新。', 'general', 'low', 'resolved', '客户胡艳反馈general问题，优先级low。', '2026-04-14 06:56:52', '2026-04-14 06:56:52', '2026-04-16 06:56:52', '2026-04-14 08:16:01', '2026-04-15 02:25:29', 0, 'U003'),
('T000014', 'C00021', NULL, '对账单下载功能异常', '客户反馈在支付环节点击确认后页面无响应，已尝试更换浏览器和网络环境，问题依旧。请技术团队排查支付网关日志。', 'billing', 'medium', 'open', NULL, '2026-05-16 13:39:22', '2026-05-16 13:39:22', '2026-05-17 13:39:22', NULL, NULL, 0, NULL),
('T000015', 'C00012', NULL, '权限申请 - 需要开通高级功能', '客户反馈订单已签收 3 天，但系统物流信息仍停留在''运输中''状态，要求更新。', 'technical', 'low', 'open', NULL, '2026-03-31 12:40:49', '2026-03-31 12:40:49', '2026-04-02 12:40:49', NULL, NULL, 0, NULL),
('T000016', 'C00028', 'O000016', '订单 O000016 物流信息未更新', '客户对账时发现本月账单总额比实际消费高出 ¥408.86，要求提供详细消费明细和差异说明。', 'billing', 'high', 'in_progress', '客户徐勇反馈billing问题，优先级high。', '2026-04-03 12:25:00', '2026-04-03 12:25:00', '2026-04-03 20:25:00', '2026-04-03 13:13:35', NULL, 0, 'U001'),
('T000017', 'C00002', 'O000106', '重复扣费问题，订单号 O000106', '客户申请开通''批量导出''和''自定义报表''功能，需主管审批后开通权限。', 'billing', 'medium', 'open', NULL, '2026-03-25 12:47:50', '2026-03-25 12:47:50', '2026-03-26 12:47:50', NULL, NULL, 0, NULL),
('T000018', 'C00098', 'O000063', '账户余额异常，无法完成支付', '客户服务套餐将于 3 天后到期，咨询续费折扣政策及是否支持按月付费。', 'account', 'high', 'open', NULL, '2026-04-15 11:52:53', '2026-04-15 11:52:53', '2026-04-15 19:52:53', NULL, NULL, 0, NULL),
('T000019', 'C00068', 'O000274', '系统登录异常，提示账号被锁定', '客户反馈订单已签收 3 天，但系统物流信息仍停留在''运输中''状态，要求更新。', 'technical', 'medium', 'closed', '客户黄娟反馈technical问题，优先级medium。', '2026-03-13 11:37:33', '2026-03-13 11:37:33', '2026-03-14 11:37:33', '2026-03-13 12:08:48', '2026-03-13 20:49:00', 0, 'U002'),
('T000020', 'C00024', NULL, '订单 N/A 支付失败，请协助处理', '企业客户要求开具增值税专用发票，抬头：广州海纳智能科技公司，税号：9111000099550209，订单金额 ¥1218.81。', 'technical', 'medium', 'in_progress', '客户朱静反馈technical问题，优先级medium。', '2026-04-03 12:52:20', '2026-04-03 12:52:20', '2026-04-04 12:52:20', '2026-04-03 13:59:27', NULL, 0, 'U003'),
('T000021', 'C00023', 'O000499', '客户信息修改申请', '订单在上游系统已标记为''已发货''，但下游 CRM 系统仍显示''待处理''，数据同步延迟超过 2 小时。', 'general', 'low', 'in_progress', '客户赵强反馈general问题，优先级low。', '2026-03-05 19:49:49', '2026-03-05 19:49:49', '2026-03-07 19:49:49', '2026-03-05 20:33:38', NULL, 0, 'U003'),
('T000022', 'C00044', 'O000101', '发票开具申请 - 订单 O000101', '使用批量导入功能上传 Excel 文件后提示''第 47 行数据格式错误''，但未说明具体哪个字段有问题，客户无法定位。', 'account', 'medium', 'resolved', '客户何强反馈account问题，优先级medium。', '2026-03-18 12:51:32', '2026-03-18 12:51:32', '2026-03-19 12:51:32', '2026-03-18 13:26:36', '2026-03-19 09:29:49', 0, 'U001'),
('T000023', 'C00078', 'O000407', '数据同步延迟，订单状态未更新', '业务高峰期（每日 10:00-11:00）API 响应时间超过 5 秒，导致订单创建失败率上升至 15%，严重影响客户体验。', 'general', 'low', 'closed', '客户罗明反馈general问题，优先级low。', '2026-04-30 14:27:17', '2026-04-30 14:27:17', '2026-05-02 14:27:17', '2026-04-30 16:12:54', '2026-05-01 13:52:40', 0, 'U001'),
('T000024', 'C00088', 'O000195', '服务到期续费问题咨询', '使用批量导入功能上传 Excel 文件后提示''第 47 行数据格式错误''，但未说明具体哪个字段有问题，客户无法定位。', 'general', 'medium', 'open', NULL, '2026-03-27 13:21:49', '2026-03-27 13:21:49', '2026-03-28 13:21:49', NULL, NULL, 0, NULL),
('T000025', 'C00089', NULL, '发票开具申请 - 订单 N/A', '客户尝试下载本月对账单时页面报错''文件生成失败''，已尝试多次均无法成功。', 'billing', 'high', 'closed', '客户周磊反馈billing问题，优先级high。', '2026-05-05 09:03:11', '2026-05-05 09:03:11', '2026-05-05 17:03:11', '2026-05-05 10:02:07', '2026-05-05 23:12:07', 0, 'U003'),
('T000026', 'C00062', NULL, '权限申请 - 需要开通高级功能', '客户反馈在支付环节点击确认后页面无响应，已尝试更换浏览器和网络环境，问题依旧。请技术团队排查支付网关日志。', 'general', 'high', 'resolved', '客户周娜反馈general问题，优先级high。', '2026-05-11 16:39:03', '2026-05-11 16:39:03', '2026-05-12 00:39:03', '2026-05-11 18:52:33', '2026-05-12 14:11:42', 0, 'U002'),
('T000027', 'C00037', 'O000416', '订单 O000416 退款进度查询', '客户反馈在支付环节点击确认后页面无响应，已尝试更换浏览器和网络环境，问题依旧。请技术团队排查支付网关日志。', 'billing', 'low', 'resolved', '客户陈洋反馈billing问题，优先级low。', '2026-05-21 17:29:50', '2026-05-21 17:29:50', '2026-05-23 17:29:50', '2026-05-21 20:48:27', '2026-05-22 15:22:46', 0, 'U002'),
('T000028', 'C00098', 'O000197', '账单金额与实际不符，需核对', '企业客户要求开具增值税专用发票，抬头：大连盛世网络科技公司，税号：9111000085055009，订单金额 ¥3351.86。', 'technical', 'medium', 'open', NULL, '2026-03-14 10:07:20', '2026-03-14 10:07:20', '2026-03-15 10:07:20', NULL, NULL, 0, NULL),
('T000029', 'C00047', NULL, '账单金额与实际不符，需核对', '客户反馈在支付环节点击确认后页面无响应，已尝试更换浏览器和网络环境，问题依旧。请技术团队排查支付网关日志。', 'technical', 'low', 'open', NULL, '2026-04-03 13:05:30', '2026-04-03 13:05:30', '2026-04-05 13:05:30', NULL, NULL, 0, NULL),
('T000030', 'C00057', 'O000383', '账单金额与实际不符，需核对', '订单在上游系统已标记为''已发货''，但下游 CRM 系统仍显示''待处理''，数据同步延迟超过 2 小时。', 'technical', 'urgent', 'open', NULL, '2026-05-20 19:53:49', '2026-05-20 19:53:49', '2026-05-20 23:53:49', NULL, NULL, 0, NULL),
('T000031', 'C00042', NULL, '批量导入数据失败，报错信息不明确', '客户对账时发现本月账单总额比实际消费高出 ¥264.6，要求提供详细消费明细和差异说明。', 'technical', 'low', 'open', NULL, '2026-04-08 17:49:08', '2026-04-08 17:49:08', '2026-04-10 17:49:08', NULL, NULL, 0, NULL),
('T000032', 'C00096', 'O000081', '服务到期续费问题咨询', '客户服务套餐将于 3 天后到期，咨询续费折扣政策及是否支持按月付费。', 'account', 'medium', 'in_progress', '客户杨娜反馈account问题，优先级medium。', '2026-03-22 13:09:44', '2026-03-22 13:09:44', '2026-03-23 13:09:44', '2026-03-22 14:51:35', NULL, 0, 'U002'),
('T000033', 'C00013', 'O000173', '对账单下载功能异常', '客户反馈订单已签收 3 天，但系统物流信息仍停留在''运输中''状态，要求更新。', 'general', 'low', 'resolved', '客户陈丽反馈general问题，优先级low。', '2026-03-03 17:57:12', '2026-03-03 17:57:12', '2026-03-05 17:57:12', '2026-03-03 19:06:37', '2026-03-04 18:33:50', 0, 'U003'),
('T000034', 'C00060', 'O000424', '账户余额异常，无法完成支付', '业务高峰期（每日 10:00-11:00）API 响应时间超过 5 秒，导致订单创建失败率上升至 15%，严重影响客户体验。', 'billing', 'low', 'closed', '客户黄芳反馈billing问题，优先级low。', '2026-05-12 12:23:48', '2026-05-12 12:23:48', '2026-05-14 12:23:48', '2026-05-12 14:09:24', '2026-05-13 13:57:25', 2, 'U003'),
('T000035', 'C00029', 'O000077', '服务到期续费问题咨询', '使用批量导入功能上传 Excel 文件后提示''第 47 行数据格式错误''，但未说明具体哪个字段有问题，客户无法定位。', 'billing', 'low', 'open', NULL, '2026-05-08 13:59:56', '2026-05-08 13:59:56', '2026-05-10 13:59:56', NULL, NULL, 0, NULL),
('T000036', 'C00018', NULL, '权限申请 - 需要开通高级功能', '客户账户在 30日13时 被重复扣款两次，金额分别为 ¥208.87 和 ¥843.06，订单号相同。客户要求立即退还多扣款项并给出解释。', 'general', 'high', 'resolved', '客户陈静反馈general问题，优先级high。', '2026-04-20 11:35:04', '2026-04-20 11:35:04', '2026-04-20 19:35:04', '2026-04-20 13:16:20', '2026-04-21 07:51:05', 0, 'U003'),
('T000037', 'C00011', 'O000080', '账单金额与实际不符，需核对', '客户申请开通''批量导出''和''自定义报表''功能，需主管审批后开通权限。', 'technical', 'low', 'closed', '客户林明反馈technical问题，优先级low。', '2026-04-09 23:27:27', '2026-04-09 23:27:27', '2026-04-11 23:27:27', '2026-04-10 01:15:25', '2026-04-10 19:28:28', 0, 'U002'),
('T000038', 'C00058', 'O000358', '重复扣费问题，订单号 O000358', '客户反馈在支付环节点击确认后页面无响应，已尝试更换浏览器和网络环境，问题依旧。请技术团队排查支付网关日志。', 'general', 'low', 'open', NULL, '2026-03-02 16:39:54', '2026-03-02 16:39:54', '2026-03-04 16:39:54', NULL, NULL, 0, NULL),
('T000039', 'C00052', 'O000115', '订单 O000115 支付失败，请协助处理', '客户公司法人变更，需更新合同主体信息及发票抬头，要求提供变更流程和所需材料。', 'account', 'low', 'closed', '客户杨敏反馈account问题，优先级low。', '2026-04-08 10:22:00', '2026-04-08 10:22:00', '2026-04-10 10:22:00', '2026-04-08 14:05:38', '2026-04-08 17:54:58', 0, 'U003'),
('T000040', 'C00027', 'O000005', '对账单下载功能异常', '客户账户在 12日16时 被重复扣款两次，金额分别为 ¥749.36 和 ¥379.77，订单号相同。客户要求立即退还多扣款项并给出解释。', 'billing', 'high', 'resolved', '客户何静反馈billing问题，优先级high。', '2026-03-26 12:45:26', '2026-03-26 12:45:26', '2026-03-26 20:45:26', '2026-03-26 15:44:41', '2026-03-27 06:50:38', 0, 'U002'),
('T000041', 'C00067', NULL, 'API 调用频繁超时，影响业务', '客户服务套餐将于 5 天后到期，咨询续费折扣政策及是否支持按月付费。', 'billing', 'low', 'resolved', '客户林秀英反馈billing问题，优先级low。', '2026-03-11 15:12:51', '2026-03-11 15:12:51', '2026-03-13 15:12:51', '2026-03-11 18:02:38', '2026-03-12 14:11:43', 0, 'U001'),
('T000042', 'C00043', 'O000247', '对账单下载功能异常', '客户申请开通''批量导出''和''自定义报表''功能，需主管审批后开通权限。', 'billing', 'low', 'in_progress', '客户陈超反馈billing问题，优先级low。', '2026-04-29 13:28:14', '2026-04-29 13:28:14', '2026-05-01 13:28:14', '2026-04-29 14:43:45', NULL, 0, 'U001'),
('T000043', 'C00068', 'O000074', 'API 调用频繁超时，影响业务', '客户申请开通''批量导出''和''自定义报表''功能，需主管审批后开通权限。', 'technical', 'low', 'in_progress', '客户黄娟反馈technical问题，优先级low。', '2026-05-01 13:29:23', '2026-05-01 13:29:23', '2026-05-03 13:29:23', '2026-05-01 15:18:59', NULL, 0, 'U003'),
('T000044', 'C00055', 'O000193', '账单金额与实际不符，需核对', '客户服务套餐将于 13 天后到期，咨询续费折扣政策及是否支持按月付费。', 'general', 'high', 'in_progress', '客户王洋反馈general问题，优先级high。', '2026-04-20 14:06:19', '2026-04-20 14:06:19', '2026-04-20 22:06:19', '2026-04-20 16:15:34', NULL, 0, 'U003'),
('T000045', 'C00018', 'O000348', '系统登录异常，提示账号被锁定', '客户账户在 2日11时 被重复扣款两次，金额分别为 ¥612.36 和 ¥755.68，订单号相同。客户要求立即退还多扣款项并给出解释。', 'technical', 'medium', 'open', NULL, '2026-03-13 12:21:13', '2026-03-13 12:21:13', '2026-03-14 12:21:13', NULL, NULL, 0, NULL),
('T000046', 'C00091', 'O000256', '订单 O000256 物流信息未更新', '客户申请开通''批量导出''和''自定义报表''功能，需主管审批后开通权限。', 'technical', 'high', 'open', NULL, '2026-04-29 19:08:40', '2026-04-29 19:08:40', '2026-04-30 03:08:40', NULL, NULL, 0, NULL),
('T000047', 'C00013', 'O000428', '发票开具申请 - 订单 O000428', '客户账户在 10日15时 被重复扣款两次，金额分别为 ¥790.86 和 ¥987.39，订单号相同。客户要求立即退还多扣款项并给出解释。', 'technical', 'low', 'open', NULL, '2026-03-18 15:21:54', '2026-03-18 15:21:54', '2026-03-20 15:21:54', NULL, NULL, 0, NULL),
('T000048', 'C00012', NULL, '发票开具申请 - 订单 N/A', '客户尝试下载本月对账单时页面报错''文件生成失败''，已尝试多次均无法成功。', 'billing', 'low', 'in_progress', '客户罗军反馈billing问题，优先级low。', '2026-05-14 11:34:01', '2026-05-14 11:34:01', '2026-05-16 11:34:01', '2026-05-14 13:27:28', NULL, 0, 'U003'),
('T000049', 'C00023', 'O000008', '数据同步延迟，订单状态未更新', '业务高峰期（每日 10:00-11:00）API 响应时间超过 5 秒，导致订单创建失败率上升至 15%，严重影响客户体验。', 'general', 'high', 'open', NULL, '2026-03-27 02:18:48', '2026-03-27 02:18:48', '2026-03-27 10:18:48', NULL, NULL, 0, NULL),
('T000050', 'C00100', 'O000340', '订单 O000340 退款进度查询', '客户申请开通''批量导出''和''自定义报表''功能，需主管审批后开通权限。', 'account', 'medium', 'in_progress', '客户林秀英反馈account问题，优先级medium。', '2026-05-13 15:37:39', '2026-05-13 15:37:39', '2026-05-14 15:37:39', '2026-05-13 18:35:55', NULL, 0, 'U003'),
('T000051', 'C00077', 'O000295', '权限申请 - 需要开通高级功能', '企业客户要求开具增值税专用发票，抬头：长沙恒通数据服务公司，税号：9111000087517948，订单金额 ¥1543.81。', 'technical', 'low', 'in_progress', '客户高丽反馈technical问题，优先级low。', '2026-04-27 11:01:43', '2026-04-27 11:01:43', '2026-04-29 11:01:43', '2026-04-27 12:15:22', NULL, 0, 'U002'),
('T000052', 'C00025', 'O000156', '账户余额异常，无法完成支付', '客户对账时发现本月账单总额比实际消费高出 ¥297.5，要求提供详细消费明细和差异说明。', 'general', 'medium', 'in_progress', '客户徐伟反馈general问题，优先级medium。', '2026-03-06 13:45:52', '2026-03-06 13:45:52', '2026-03-07 13:45:52', '2026-03-06 14:27:46', NULL, 0, 'U002'),
('T000053', 'C00050', 'O000308', '账户余额异常，无法完成支付', '客户于 8 天前提交退款申请，至今未到账。多次催促无果，情绪激动，威胁投诉至消费者协会。', 'account', 'medium', 'in_progress', '客户刘杰反馈account问题，优先级medium。', '2026-02-24 16:41:53', '2026-02-24 16:41:53', '2026-02-25 16:41:53', '2026-02-24 17:37:26', NULL, 0, 'U001'),
('T000054', 'C00035', 'O000433', '服务到期续费问题咨询', '客户公司法人变更，需更新合同主体信息及发票抬头，要求提供变更流程和所需材料。', 'account', 'high', 'resolved', '客户朱勇反馈account问题，优先级high。', '2026-04-17 16:39:28', '2026-04-17 16:39:28', '2026-04-18 00:39:28', '2026-04-17 18:18:07', '2026-04-18 07:36:27', 0, 'U002'),
('T000055', 'C00017', 'O000416', '对账单下载功能异常', '客户报告账户余额显示为负数，但近期无大额消费记录。怀疑系统计算错误，需财务和技术联合核查。', 'general', 'medium', 'in_progress', '客户罗杰反馈general问题，优先级medium。', '2026-04-10 17:29:39', '2026-04-10 17:29:39', '2026-04-11 17:29:39', '2026-04-10 19:53:53', NULL, 0, 'U003'),
('T000056', 'C00078', 'O000492', '权限申请 - 需要开通高级功能', '客户账户在 17日13时 被重复扣款两次，金额分别为 ¥582.62 和 ¥600.92，订单号相同。客户要求立即退还多扣款项并给出解释。', 'account', 'medium', 'closed', '客户罗明反馈account问题，优先级medium。', '2026-04-18 10:55:18', '2026-04-18 10:55:18', '2026-04-19 10:55:18', '2026-04-18 13:03:55', '2026-04-19 04:11:16', 0, 'U002'),
('T000057', 'C00046', 'O000153', '重复扣费问题，订单号 O000153', '业务高峰期（每日 10:00-11:00）API 响应时间超过 5 秒，导致订单创建失败率上升至 15%，严重影响客户体验。', 'technical', 'low', 'open', NULL, '2026-03-06 10:57:13', '2026-03-06 10:57:13', '2026-03-08 10:57:13', NULL, NULL, 0, NULL),
('T000058', 'C00047', 'O000107', '订单 O000107 退款进度查询', '业务高峰期（每日 10:00-11:00）API 响应时间超过 5 秒，导致订单创建失败率上升至 15%，严重影响客户体验。', 'technical', 'medium', 'in_progress', '客户林静反馈technical问题，优先级medium。', '2026-04-06 17:21:28', '2026-04-06 17:21:28', '2026-04-07 17:21:28', '2026-04-06 21:04:18', NULL, 0, 'U003'),
('T000059', 'C00064', 'O000380', '订单 O000380 支付失败，请协助处理', '客户申请开通''批量导出''和''自定义报表''功能，需主管审批后开通权限。', 'general', 'urgent', 'resolved', '客户黄娟反馈general问题，优先级urgent。', '2026-04-21 11:17:19', '2026-04-21 11:17:19', '2026-04-21 15:17:19', '2026-04-21 12:37:24', '2026-04-22 06:17:43', 1, 'U002'),
('T000060', 'C00095', 'O000249', 'API 调用频繁超时，影响业务', '企业客户要求开具增值税专用发票，抬头：大连鼎盛电子商务公司，税号：9111000042585115，订单金额 ¥4486.34。', 'technical', 'low', 'open', NULL, '2026-03-19 12:46:18', '2026-03-19 12:46:18', '2026-03-21 12:46:18', NULL, NULL, 0, NULL),
('T000061', 'C00081', 'O000119', '批量导入数据失败，报错信息不明确', '客户报告账户余额显示为负数，但近期无大额消费记录。怀疑系统计算错误，需财务和技术联合核查。', 'general', 'medium', 'resolved', '客户刘磊反馈general问题，优先级medium。', '2026-04-26 16:59:01', '2026-04-26 16:59:01', '2026-04-27 16:59:01', '2026-04-26 18:07:05', '2026-04-27 10:39:14', 0, 'U003'),
('T000062', 'C00049', NULL, '对账单下载功能异常', '客户于 5 天前提交退款申请，至今未到账。多次催促无果，情绪激动，威胁投诉至消费者协会。', 'account', 'medium', 'in_progress', '客户徐超反馈account问题，优先级medium。', '2026-05-09 17:57:15', '2026-05-09 17:57:15', '2026-05-10 17:57:15', '2026-05-09 20:00:12', NULL, 0, 'U001'),
('T000063', 'C00056', 'O000418', '权限申请 - 需要开通高级功能', '客户报告账户余额显示为负数，但近期无大额消费记录。怀疑系统计算错误，需财务和技术联合核查。', 'billing', 'low', 'in_progress', '客户孙洋反馈billing问题，优先级low。', '2026-04-25 14:46:38', '2026-04-25 14:46:38', '2026-04-27 14:46:38', '2026-04-25 16:48:48', NULL, 0, 'U001'),
('T000064', 'C00025', 'O000440', '对账单下载功能异常', '客户账户在 28日16时 被重复扣款两次，金额分别为 ¥942.42 和 ¥215.05，订单号相同。客户要求立即退还多扣款项并给出解释。', 'account', 'medium', 'resolved', '客户徐伟反馈account问题，优先级medium。', '2026-05-08 19:10:03', '2026-05-08 19:10:03', '2026-05-09 19:10:03', '2026-05-08 20:35:12', '2026-05-09 02:15:10', 0, 'U003'),
('T000065', 'C00001', 'O000046', '权限申请 - 需要开通高级功能', '客户反馈订单已签收 3 天，但系统物流信息仍停留在''运输中''状态，要求更新。', 'general', 'high', 'open', NULL, '2026-03-20 10:25:11', '2026-03-20 10:25:11', '2026-03-20 18:25:11', NULL, NULL, 0, NULL),
('T000066', 'C00097', 'O000314', 'API 调用频繁超时，影响业务', '客户反馈使用正确账号密码登录时提示''账号已被锁定，请联系管理员''，但未收到任何安全警告邮件。', 'billing', 'medium', 'open', NULL, '2026-03-21 11:16:47', '2026-03-21 11:16:47', '2026-03-22 11:16:47', NULL, NULL, 0, NULL),
('T000067', 'C00092', NULL, 'API 调用频繁超时，影响业务', '客户反馈使用正确账号密码登录时提示''账号已被锁定，请联系管理员''，但未收到任何安全警告邮件。', 'general', 'urgent', 'in_progress', '客户孙秀英反馈general问题，优先级urgent。', '2026-04-15 19:29:58', '2026-04-15 19:29:58', '2026-04-15 23:29:58', '2026-04-15 23:29:11', NULL, 0, 'U003'),
('T000068', 'C00069', NULL, '批量导入数据失败，报错信息不明确', '客户反馈在支付环节点击确认后页面无响应，已尝试更换浏览器和网络环境，问题依旧。请技术团队排查支付网关日志。', 'technical', 'low', 'in_progress', '客户赵明反馈technical问题，优先级low。', '2026-03-30 14:09:17', '2026-03-30 14:09:17', '2026-04-01 14:09:17', '2026-03-30 14:39:28', NULL, 0, 'U003'),
('T000069', 'C00004', 'O000241', 'API 调用频繁超时，影响业务', '客户服务套餐将于 6 天后到期，咨询续费折扣政策及是否支持按月付费。', 'account', 'low', 'in_progress', '客户郭磊反馈account问题，优先级low。', '2026-04-01 12:11:12', '2026-04-01 12:11:12', '2026-04-03 12:11:12', '2026-04-01 13:09:18', NULL, 0, 'U002'),
('T000070', 'C00002', 'O000315', '批量导入数据失败，报错信息不明确', '客户反馈使用正确账号密码登录时提示''账号已被锁定，请联系管理员''，但未收到任何安全警告邮件。', 'billing', 'medium', 'in_progress', '客户张秀英反馈billing问题，优先级medium。', '2026-04-20 12:36:29', '2026-04-20 12:36:29', '2026-04-21 12:36:29', '2026-04-20 16:19:29', NULL, 0, 'U003'),
('T000071', 'C00043', NULL, 'API 调用频繁超时，影响业务', '客户公司法人变更，需更新合同主体信息及发票抬头，要求提供变更流程和所需材料。', 'technical', 'low', 'resolved', '客户陈超反馈technical问题，优先级low。', '2026-03-15 16:06:08', '2026-03-15 16:06:08', '2026-03-17 16:06:08', '2026-03-15 18:34:46', '2026-03-16 06:20:19', 0, 'U002'),
('T000072', 'C00086', NULL, '服务到期续费问题咨询', '客户账户在 8日17时 被重复扣款两次，金额分别为 ¥500.27 和 ¥956.49，订单号相同。客户要求立即退还多扣款项并给出解释。', 'technical', 'low', 'resolved', '客户胡平反馈technical问题，优先级low。', '2026-04-24 14:18:53', '2026-04-24 14:18:53', '2026-04-26 14:18:53', '2026-04-24 15:31:56', '2026-04-25 11:15:41', 0, 'U003'),
('T000073', 'C00015', 'O000250', '对账单下载功能异常', '客户反馈订单已签收 3 天，但系统物流信息仍停留在''运输中''状态，要求更新。', 'general', 'medium', 'open', NULL, '2026-04-23 09:13:33', '2026-04-23 09:13:33', '2026-04-24 09:13:33', NULL, NULL, 0, NULL),
('T000074', 'C00057', 'O000259', '权限申请 - 需要开通高级功能', '客户对账时发现本月账单总额比实际消费高出 ¥367.33，要求提供详细消费明细和差异说明。', 'technical', 'medium', 'resolved', '客户胡洋反馈technical问题，优先级medium。', '2026-04-26 12:59:28', '2026-04-26 12:59:28', '2026-04-27 12:59:28', '2026-04-26 13:33:58', '2026-04-27 02:32:04', 0, 'U002'),
('T000075', 'C00094', 'O000274', '批量导入数据失败，报错信息不明确', '业务高峰期（每日 10:00-11:00）API 响应时间超过 5 秒，导致订单创建失败率上升至 15%，严重影响客户体验。', 'technical', 'high', 'open', NULL, '2026-04-08 11:15:07', '2026-04-08 11:15:07', '2026-04-08 19:15:07', NULL, NULL, 0, NULL),
('T000076', 'C00086', NULL, '服务到期续费问题咨询', '客户反馈使用正确账号密码登录时提示''账号已被锁定，请联系管理员''，但未收到任何安全警告邮件。', 'general', 'medium', 'resolved', '客户胡平反馈general问题，优先级medium。', '2026-03-21 13:49:08', '2026-03-21 13:49:08', '2026-03-22 13:49:08', '2026-03-21 17:22:40', '2026-03-22 04:31:33', 0, 'U001'),
('T000077', 'C00040', 'O000467', '重复扣费问题，订单号 O000467', '客户服务套餐将于 14 天后到期，咨询续费折扣政策及是否支持按月付费。', 'general', 'medium', 'closed', '客户陈涛反馈general问题，优先级medium。', '2026-02-27 17:51:52', '2026-02-27 17:51:52', '2026-02-28 17:51:52', '2026-02-27 19:05:32', '2026-02-28 03:42:53', 0, 'U002'),
('T000078', 'C00064', NULL, '账单金额与实际不符，需核对', '客户于 11 天前提交退款申请，至今未到账。多次催促无果，情绪激动，威胁投诉至消费者协会。', 'account', 'medium', 'open', NULL, '2026-03-23 05:06:36', '2026-03-23 05:06:36', '2026-03-24 05:06:36', NULL, NULL, 0, NULL),
('T000079', 'C00016', NULL, '订单 N/A 退款进度查询', '客户申请开通''批量导出''和''自定义报表''功能，需主管审批后开通权限。', 'account', 'urgent', 'closed', '客户罗磊反馈account问题，优先级urgent。', '2026-03-30 13:46:46', '2026-03-30 13:46:46', '2026-03-30 17:46:46', '2026-03-30 16:17:22', '2026-03-31 07:11:07', 0, 'U003'),
('T000080', 'C00010', 'O000209', '数据同步延迟，订单状态未更新', '客户尝试下载本月对账单时页面报错''文件生成失败''，已尝试多次均无法成功。', 'technical', 'low', 'open', NULL, '2026-02-25 15:56:59', '2026-02-25 15:56:59', '2026-02-27 15:56:59', NULL, NULL, 0, NULL),
('T000081', 'C00065', 'O000417', '订单 O000417 支付失败，请协助处理', '订单在上游系统已标记为''已发货''，但下游 CRM 系统仍显示''待处理''，数据同步延迟超过 2 小时。', 'technical', 'high', 'open', NULL, '2026-05-13 14:33:07', '2026-05-13 14:33:07', '2026-05-13 22:33:07', NULL, NULL, 0, NULL),
('T000082', 'C00030', 'O000460', '服务到期续费问题咨询', '订单在上游系统已标记为''已发货''，但下游 CRM 系统仍显示''待处理''，数据同步延迟超过 2 小时。', 'billing', 'low', 'in_progress', '客户胡超反馈billing问题，优先级low。', '2026-03-16 13:24:59', '2026-03-16 13:24:59', '2026-03-18 13:24:59', '2026-03-16 16:43:51', NULL, 0, 'U002'),
('T000083', 'C00088', 'O000179', '批量导入数据失败，报错信息不明确', '客户于 8 天前提交退款申请，至今未到账。多次催促无果，情绪激动，威胁投诉至消费者协会。', 'general', 'medium', 'open', NULL, '2026-04-23 15:43:12', '2026-04-23 15:43:12', '2026-04-24 15:43:12', NULL, NULL, 0, NULL),
('T000084', 'C00099', NULL, '客户信息修改申请', '客户账户在 7日15时 被重复扣款两次，金额分别为 ¥452.76 和 ¥367.17，订单号相同。客户要求立即退还多扣款项并给出解释。', 'account', 'low', 'in_progress', '客户李芳反馈account问题，优先级low。', '2026-05-12 13:11:20', '2026-05-12 13:11:20', '2026-05-14 13:11:20', '2026-05-12 17:02:23', NULL, 0, 'U001'),
('T000085', 'C00030', NULL, '订单 N/A 退款进度查询', '客户反馈订单已签收 3 天，但系统物流信息仍停留在''运输中''状态，要求更新。', 'account', 'medium', 'in_progress', '客户胡超反馈account问题，优先级medium。', '2026-03-09 17:02:16', '2026-03-09 17:02:16', '2026-03-10 17:02:16', '2026-03-09 18:38:16', NULL, 0, 'U001'),
('T000086', 'C00004', 'O000294', '服务到期续费问题咨询', '客户反馈使用正确账号密码登录时提示''账号已被锁定，请联系管理员''，但未收到任何安全警告邮件。', 'account', 'high', 'resolved', '客户郭磊反馈account问题，优先级high。', '2026-03-04 16:30:32', '2026-03-04 16:30:32', '2026-03-05 00:30:32', '2026-03-04 20:18:55', '2026-03-05 05:39:06', 2, 'U003'),
('T000087', 'C00052', 'O000413', '系统登录异常，提示账号被锁定', '使用批量导入功能上传 Excel 文件后提示''第 47 行数据格式错误''，但未说明具体哪个字段有问题，客户无法定位。', 'general', 'low', 'open', NULL, '2026-04-28 08:02:22', '2026-04-28 08:02:22', '2026-04-30 08:02:22', NULL, NULL, 0, NULL),
('T000088', 'C00096', NULL, '客户信息修改申请', '企业客户要求开具增值税专用发票，抬头：厦门创新信息技术公司，税号：9111000071501071，订单金额 ¥3884.76。', 'billing', 'low', 'in_progress', '客户杨娜反馈billing问题，优先级low。', '2026-03-20 09:52:19', '2026-03-20 09:52:19', '2026-03-22 09:52:19', '2026-03-20 13:26:11', NULL, 0, 'U001'),
('T000089', 'C00039', NULL, 'API 调用频繁超时，影响业务', '客户报告账户余额显示为负数，但近期无大额消费记录。怀疑系统计算错误，需财务和技术联合核查。', 'billing', 'medium', 'open', NULL, '2026-03-18 15:51:29', '2026-03-18 15:51:29', '2026-03-19 15:51:29', NULL, NULL, 0, NULL),
('T000090', 'C00029', 'O000166', '账户余额异常，无法完成支付', '客户反馈在支付环节点击确认后页面无响应，已尝试更换浏览器和网络环境，问题依旧。请技术团队排查支付网关日志。', 'technical', 'low', 'in_progress', '客户何强反馈technical问题，优先级low。', '2026-04-28 17:04:38', '2026-04-28 17:04:38', '2026-04-30 17:04:38', '2026-04-28 17:57:08', NULL, 0, 'U001'),
('T000091', 'C00093', 'O000052', '发票开具申请 - 订单 O000052', '客户申请开通''批量导出''和''自定义报表''功能，需主管审批后开通权限。', 'billing', 'medium', 'open', NULL, '2026-05-16 05:00:48', '2026-05-16 05:00:48', '2026-05-17 05:00:48', NULL, NULL, 0, NULL),
('T000092', 'C00030', NULL, '系统登录异常，提示账号被锁定', '客户反馈订单已签收 3 天，但系统物流信息仍停留在''运输中''状态，要求更新。', 'general', 'low', 'in_progress', '客户胡超反馈general问题，优先级low。', '2026-05-08 12:38:57', '2026-05-08 12:38:57', '2026-05-10 12:38:57', '2026-05-08 15:28:59', NULL, 0, 'U001'),
('T000093', 'C00021', NULL, '发票开具申请 - 订单 N/A', '企业客户要求开具增值税专用发票，抬头：西安鼎盛智能科技公司，税号：9111000085326171，订单金额 ¥3651.73。', 'billing', 'medium', 'resolved', '客户胡艳反馈billing问题，优先级medium。', '2026-05-14 08:49:02', '2026-05-14 08:49:02', '2026-05-15 08:49:02', '2026-05-14 11:45:55', '2026-05-15 09:07:54', 0, 'U002'),
('T000094', 'C00041', 'O000451', '批量导入数据失败，报错信息不明确', '客户反馈使用正确账号密码登录时提示''账号已被锁定，请联系管理员''，但未收到任何安全警告邮件。', 'general', 'medium', 'open', NULL, '2026-04-09 11:14:20', '2026-04-09 11:14:20', '2026-04-10 11:14:20', NULL, NULL, 0, NULL),
('T000095', 'C00091', 'O000482', '客户信息修改申请', '客户报告账户余额显示为负数，但近期无大额消费记录。怀疑系统计算错误，需财务和技术联合核查。', 'technical', 'medium', 'in_progress', '客户王静反馈technical问题，优先级medium。', '2026-04-04 17:55:22', '2026-04-04 17:55:22', '2026-04-05 17:55:22', '2026-04-04 18:37:47', NULL, 0, 'U002'),
('T000096', 'C00076', NULL, '权限申请 - 需要开通高级功能', '企业客户要求开具增值税专用发票，抬头：厦门宏图云计算公司，税号：9111000044802576，订单金额 ¥2673.62。', 'account', 'high', 'resolved', '客户马涛反馈account问题，优先级high。', '2026-03-28 13:51:09', '2026-03-28 13:51:09', '2026-03-28 21:51:09', '2026-03-28 17:12:58', '2026-03-29 13:44:18', 0, 'U003'),
('T000097', 'C00071', 'O000239', '权限申请 - 需要开通高级功能', '客户公司法人变更，需更新合同主体信息及发票抬头，要求提供变更流程和所需材料。', 'general', 'low', 'open', NULL, '2026-05-09 10:19:33', '2026-05-09 10:19:33', '2026-05-11 10:19:33', NULL, NULL, 0, NULL),
('T000098', 'C00086', 'O000160', '重复扣费问题，订单号 O000160', '企业客户要求开具增值税专用发票，抬头：西安盛世智能科技公司，税号：9111000099233422，订单金额 ¥3989.75。', 'billing', 'medium', 'resolved', '客户胡平反馈billing问题，优先级medium。', '2026-04-30 23:09:19', '2026-04-30 23:09:19', '2026-05-01 23:09:19', '2026-05-01 01:42:26', '2026-05-01 14:27:44', 2, 'U003'),
('T000099', 'C00061', NULL, '批量导入数据失败，报错信息不明确', '客户反馈在支付环节点击确认后页面无响应，已尝试更换浏览器和网络环境，问题依旧。请技术团队排查支付网关日志。', 'billing', 'low', 'resolved', '客户马艳反馈billing问题，优先级low。', '2026-03-26 01:24:23', '2026-03-26 01:24:23', '2026-03-28 01:24:23', '2026-03-26 03:12:44', '2026-03-26 06:43:51', 0, 'U003'),
('T000100', 'C00028', 'O000420', '账单金额与实际不符，需核对', '客户对账时发现本月账单总额比实际消费高出 ¥168.1，要求提供详细消费明细和差异说明。', 'general', 'medium', 'open', NULL, '2026-04-23 09:41:30', '2026-04-23 09:41:30', '2026-04-24 09:41:30', NULL, NULL, 0, NULL),
('T000101', 'C00088', 'O000404', '账户余额异常，无法完成支付', '客户报告账户余额显示为负数，但近期无大额消费记录。怀疑系统计算错误，需财务和技术联合核查。', 'technical', 'low', 'resolved', '客户黄伟反馈technical问题，优先级low。', '2026-04-19 11:15:40', '2026-04-19 11:15:40', '2026-04-21 11:15:40', '2026-04-19 13:46:00', '2026-04-20 03:45:40', 0, 'U002'),
('T000102', 'C00027', 'O000265', '账单金额与实际不符，需核对', '客户于 3 天前提交退款申请，至今未到账。多次催促无果，情绪激动，威胁投诉至消费者协会。', 'general', 'low', 'resolved', '客户何静反馈general问题，优先级low。', '2026-04-20 21:04:28', '2026-04-20 21:04:28', '2026-04-22 21:04:28', '2026-04-20 22:04:45', '2026-04-21 06:22:25', 0, 'U002'),
('T000103', 'C00017', NULL, '发票开具申请 - 订单 N/A', '客户尝试下载本月对账单时页面报错''文件生成失败''，已尝试多次均无法成功。', 'general', 'urgent', 'resolved', '客户罗杰反馈general问题，优先级urgent。', '2026-04-05 14:58:19', '2026-04-05 14:58:19', '2026-04-05 18:58:19', '2026-04-05 18:28:12', '2026-04-06 01:24:43', 0, 'U003'),
('T000104', 'C00097', NULL, '订单 N/A 退款进度查询', '客户反馈使用正确账号密码登录时提示''账号已被锁定，请联系管理员''，但未收到任何安全警告邮件。', 'billing', 'medium', 'closed', '客户黄娟反馈billing问题，优先级medium。', '2026-03-13 06:48:05', '2026-03-13 06:48:05', '2026-03-14 06:48:05', '2026-03-13 09:25:35', '2026-03-14 01:44:07', 0, 'U001'),
('T000105', 'C00055', 'O000142', '数据同步延迟，订单状态未更新', '客户服务套餐将于 4 天后到期，咨询续费折扣政策及是否支持按月付费。', 'technical', 'medium', 'in_progress', '客户王洋反馈technical问题，优先级medium。', '2026-05-21 17:39:18', '2026-05-21 17:39:18', '2026-05-22 17:39:18', '2026-05-21 18:11:25', NULL, 0, 'U002'),
('T000106', 'C00061', 'O000172', '权限申请 - 需要开通高级功能', '业务高峰期（每日 10:00-11:00）API 响应时间超过 5 秒，导致订单创建失败率上升至 15%，严重影响客户体验。', 'technical', 'low', 'resolved', '客户马艳反馈technical问题，优先级low。', '2026-04-11 12:28:50', '2026-04-11 12:28:50', '2026-04-13 12:28:50', '2026-04-11 16:24:19', '2026-04-11 19:04:34', 1, 'U001'),
('T000107', 'C00098', 'O000282', '客户信息修改申请', '订单在上游系统已标记为''已发货''，但下游 CRM 系统仍显示''待处理''，数据同步延迟超过 2 小时。', 'technical', 'medium', 'open', NULL, '2026-03-18 12:24:34', '2026-03-18 12:24:34', '2026-03-19 12:24:34', NULL, NULL, 0, NULL),
('T000108', 'C00084', NULL, '账户余额异常，无法完成支付', '业务高峰期（每日 10:00-11:00）API 响应时间超过 5 秒，导致订单创建失败率上升至 15%，严重影响客户体验。', 'general', 'high', 'resolved', '客户陈敏反馈general问题，优先级high。', '2026-03-27 11:32:56', '2026-03-27 11:32:56', '2026-03-27 19:32:56', '2026-03-27 14:21:36', '2026-03-28 11:55:34', 0, 'U001'),
('T000109', 'C00013', 'O000071', 'API 调用频繁超时，影响业务', '客户尝试下载本月对账单时页面报错''文件生成失败''，已尝试多次均无法成功。', 'billing', 'low', 'resolved', '客户陈丽反馈billing问题，优先级low。', '2026-03-30 15:48:11', '2026-03-30 15:48:11', '2026-04-01 15:48:11', '2026-03-30 19:08:50', '2026-03-30 21:27:48', 0, 'U001'),
('T000110', 'C00044', NULL, '对账单下载功能异常', '客户对账时发现本月账单总额比实际消费高出 ¥394.58，要求提供详细消费明细和差异说明。', 'technical', 'low', 'resolved', '客户何强反馈technical问题，优先级low。', '2026-04-26 02:25:08', '2026-04-26 02:25:08', '2026-04-28 02:25:08', '2026-04-26 03:30:14', '2026-04-26 11:58:41', 0, 'U002'),
('T000111', 'C00015', 'O000167', 'API 调用频繁超时，影响业务', '使用批量导入功能上传 Excel 文件后提示''第 47 行数据格式错误''，但未说明具体哪个字段有问题，客户无法定位。', 'account', 'low', 'in_progress', '客户王明反馈account问题，优先级low。', '2026-03-20 13:35:41', '2026-03-20 13:35:41', '2026-03-22 13:35:41', '2026-03-20 17:31:10', NULL, 0, 'U002'),
('T000112', 'C00005', NULL, '数据同步延迟，订单状态未更新', '客户账户在 10日17时 被重复扣款两次，金额分别为 ¥893.59 和 ¥507.19，订单号相同。客户要求立即退还多扣款项并给出解释。', 'general', 'low', 'resolved', '客户王超反馈general问题，优先级low。', '2026-05-06 13:11:01', '2026-05-06 13:11:01', '2026-05-08 13:11:01', '2026-05-06 16:49:18', '2026-05-07 15:14:21', 0, 'U001'),
('T000113', 'C00036', NULL, '账户余额异常，无法完成支付', '使用批量导入功能上传 Excel 文件后提示''第 47 行数据格式错误''，但未说明具体哪个字段有问题，客户无法定位。', 'billing', 'high', 'open', NULL, '2026-05-06 17:41:41', '2026-05-06 17:41:41', '2026-05-07 01:41:41', NULL, NULL, 0, NULL),
('T000114', 'C00015', 'O000186', '重复扣费问题，订单号 O000186', '使用批量导入功能上传 Excel 文件后提示''第 47 行数据格式错误''，但未说明具体哪个字段有问题，客户无法定位。', 'technical', 'urgent', 'open', NULL, '2026-04-22 16:17:42', '2026-04-22 16:17:42', '2026-04-22 20:17:42', NULL, NULL, 0, NULL),
('T000115', 'C00024', 'O000387', '系统登录异常，提示账号被锁定', '企业客户要求开具增值税专用发票，抬头：广州海纳智能科技公司，税号：9111000087286255，订单金额 ¥2904.83。', 'billing', 'medium', 'open', NULL, '2026-02-27 14:27:07', '2026-02-27 14:27:07', '2026-02-28 14:27:07', NULL, NULL, 0, NULL),
('T000116', 'C00061', NULL, '订单 N/A 支付失败，请协助处理', '客户对账时发现本月账单总额比实际消费高出 ¥239.49，要求提供详细消费明细和差异说明。', 'general', 'low', 'in_progress', '客户马艳反馈general问题，优先级low。', '2026-04-17 09:44:28', '2026-04-17 09:44:28', '2026-04-19 09:44:28', '2026-04-17 13:28:45', NULL, 0, 'U003'),
('T000117', 'C00041', NULL, '重复扣费问题，订单号 N/A', '订单在上游系统已标记为''已发货''，但下游 CRM 系统仍显示''待处理''，数据同步延迟超过 2 小时。', 'general', 'medium', 'in_progress', '客户何勇反馈general问题，优先级medium。', '2026-05-22 11:18:28', '2026-05-22 11:18:28', '2026-05-23 11:18:28', '2026-05-22 14:20:23', NULL, 0, 'U001'),
('T000118', 'C00093', 'O000011', '客户信息修改申请', '订单在上游系统已标记为''已发货''，但下游 CRM 系统仍显示''待处理''，数据同步延迟超过 2 小时。', 'billing', 'medium', 'open', NULL, '2026-03-05 02:17:25', '2026-03-05 02:17:25', '2026-03-06 02:17:25', NULL, NULL, 0, NULL),
('T000119', 'C00057', 'O000137', '重复扣费问题，订单号 O000137', '客户报告账户余额显示为负数，但近期无大额消费记录。怀疑系统计算错误，需财务和技术联合核查。', 'general', 'medium', 'resolved', '客户胡洋反馈general问题，优先级medium。', '2026-02-24 13:36:59', '2026-02-24 13:36:59', '2026-02-25 13:36:59', '2026-02-24 17:35:31', '2026-02-25 00:56:27', 0, 'U003'),
('T000120', 'C00100', NULL, '发票开具申请 - 订单 N/A', '客户账户在 4日16时 被重复扣款两次，金额分别为 ¥268.18 和 ¥947.27，订单号相同。客户要求立即退还多扣款项并给出解释。', 'account', 'medium', 'in_progress', '客户林秀英反馈account问题，优先级medium。', '2026-03-30 15:22:32', '2026-03-30 15:22:32', '2026-03-31 15:22:32', '2026-03-30 16:19:26', NULL, 0, 'U003'),
('T000121', 'C00057', 'O000246', '服务到期续费问题咨询', '客户尝试下载本月对账单时页面报错''文件生成失败''，已尝试多次均无法成功。', 'general', 'low', 'in_progress', '客户胡洋反馈general问题，优先级low。', '2026-03-15 15:57:47', '2026-03-15 15:57:47', '2026-03-17 15:57:47', '2026-03-15 16:57:55', NULL, 0, 'U002'),
('T000122', 'C00006', 'O000469', '账户余额异常，无法完成支付', '客户公司法人变更，需更新合同主体信息及发票抬头，要求提供变更流程和所需材料。', 'billing', 'high', 'resolved', '客户刘军反馈billing问题，优先级high。', '2026-05-21 10:21:48', '2026-05-21 10:21:48', '2026-05-21 18:21:48', '2026-05-21 13:34:15', '2026-05-22 12:17:37', 0, 'U001'),
('T000123', 'C00091', 'O000276', '服务到期续费问题咨询', '使用批量导入功能上传 Excel 文件后提示''第 47 行数据格式错误''，但未说明具体哪个字段有问题，客户无法定位。', 'technical', 'medium', 'in_progress', '客户王静反馈technical问题，优先级medium。', '2026-05-15 16:30:46', '2026-05-15 16:30:46', '2026-05-16 16:30:46', '2026-05-15 18:57:16', NULL, 0, 'U001'),
('T000124', 'C00080', 'O000433', '账户余额异常，无法完成支付', '业务高峰期（每日 10:00-11:00）API 响应时间超过 5 秒，导致订单创建失败率上升至 15%，严重影响客户体验。', 'account', 'high', 'in_progress', '客户赵霞反馈account问题，优先级high。', '2026-04-15 16:52:42', '2026-04-15 16:52:42', '2026-04-16 00:52:42', '2026-04-15 20:43:15', NULL, 0, 'U003'),
('T000125', 'C00032', 'O000109', '对账单下载功能异常', '业务高峰期（每日 10:00-11:00）API 响应时间超过 5 秒，导致订单创建失败率上升至 15%，严重影响客户体验。', 'billing', 'high', 'in_progress', '客户孙秀英反馈billing问题，优先级high。', '2026-04-26 10:44:23', '2026-04-26 10:44:23', '2026-04-26 18:44:23', '2026-04-26 11:49:04', NULL, 0, 'U001'),
('T000126', 'C00063', 'O000288', '发票开具申请 - 订单 O000288', '客户反馈在支付环节点击确认后页面无响应，已尝试更换浏览器和网络环境，问题依旧。请技术团队排查支付网关日志。', 'general', 'high', 'in_progress', '客户陈杰反馈general问题，优先级high。', '2026-04-19 11:26:43', '2026-04-19 11:26:43', '2026-04-19 19:26:43', '2026-04-19 14:34:49', NULL, 0, 'U002'),
('T000127', 'C00072', NULL, '发票开具申请 - 订单 N/A', '客户尝试下载本月对账单时页面报错''文件生成失败''，已尝试多次均无法成功。', 'general', 'urgent', 'in_progress', '客户孙伟反馈general问题，优先级urgent。', '2026-04-12 15:34:59', '2026-04-12 15:34:59', '2026-04-12 19:34:59', '2026-04-12 18:36:23', NULL, 0, 'U003'),
('T000128', 'C00009', 'O000172', '账户余额异常，无法完成支付', '客户对账时发现本月账单总额比实际消费高出 ¥420.78，要求提供详细消费明细和差异说明。', 'account', 'medium', 'in_progress', '客户郭静反馈account问题，优先级medium。', '2026-04-10 17:46:59', '2026-04-10 17:46:59', '2026-04-11 17:46:59', '2026-04-10 20:29:20', NULL, 0, 'U003'),
('T000129', 'C00042', NULL, '账单金额与实际不符，需核对', '客户尝试下载本月对账单时页面报错''文件生成失败''，已尝试多次均无法成功。', 'billing', 'low', 'in_progress', '客户赵勇反馈billing问题，优先级low。', '2026-04-15 17:49:34', '2026-04-15 17:49:34', '2026-04-17 17:49:34', '2026-04-15 19:34:45', NULL, 0, 'U001'),
('T000130', 'C00078', NULL, '订单 N/A 物流信息未更新', '订单在上游系统已标记为''已发货''，但下游 CRM 系统仍显示''待处理''，数据同步延迟超过 2 小时。', 'general', 'medium', 'in_progress', '客户罗明反馈general问题，优先级medium。', '2026-03-02 16:21:53', '2026-03-02 16:21:53', '2026-03-03 16:21:53', '2026-03-02 18:48:54', NULL, 0, 'U001'),
('T000131', 'C00012', 'O000014', '批量导入数据失败，报错信息不明确', '客户反馈在支付环节点击确认后页面无响应，已尝试更换浏览器和网络环境，问题依旧。请技术团队排查支付网关日志。', 'technical', 'low', 'closed', '客户罗军反馈technical问题，优先级low。', '2026-03-24 16:44:33', '2026-03-24 16:44:33', '2026-03-26 16:44:33', '2026-03-24 19:51:25', '2026-03-25 18:38:10', 0, 'U002'),
('T000132', 'C00044', 'O000335', '系统登录异常，提示账号被锁定', '使用批量导入功能上传 Excel 文件后提示''第 47 行数据格式错误''，但未说明具体哪个字段有问题，客户无法定位。', 'account', 'low', 'resolved', '客户何强反馈account问题，优先级low。', '2026-04-21 09:28:35', '2026-04-21 09:28:35', '2026-04-23 09:28:35', '2026-04-21 10:22:58', '2026-04-22 05:31:38', 2, 'U002'),
('T000133', 'C00072', 'O000047', '批量导入数据失败，报错信息不明确', '客户反馈在支付环节点击确认后页面无响应，已尝试更换浏览器和网络环境，问题依旧。请技术团队排查支付网关日志。', 'account', 'medium', 'resolved', '客户孙伟反馈account问题，优先级medium。', '2026-05-08 09:12:18', '2026-05-08 09:12:18', '2026-05-09 09:12:18', '2026-05-08 13:12:13', '2026-05-09 03:42:26', 0, 'U003'),
('T000134', 'C00056', NULL, '账单金额与实际不符，需核对', '使用批量导入功能上传 Excel 文件后提示''第 47 行数据格式错误''，但未说明具体哪个字段有问题，客户无法定位。', 'account', 'urgent', 'resolved', '客户孙洋反馈account问题，优先级urgent。', '2026-04-12 15:05:33', '2026-04-12 15:05:33', '2026-04-12 19:05:33', '2026-04-12 18:58:01', '2026-04-13 12:07:21', 0, 'U001'),
('T000135', 'C00086', 'O000044', '账户余额异常，无法完成支付', '客户于 13 天前提交退款申请，至今未到账。多次催促无果，情绪激动，威胁投诉至消费者协会。', 'account', 'low', 'closed', '客户胡平反馈account问题，优先级low。', '2026-02-27 10:28:15', '2026-02-27 10:28:15', '2026-03-01 10:28:15', '2026-02-27 12:09:20', '2026-02-27 16:20:47', 0, 'U002'),
('T000136', 'C00054', NULL, '批量导入数据失败，报错信息不明确', '客户对账时发现本月账单总额比实际消费高出 ¥238.31，要求提供详细消费明细和差异说明。', 'technical', 'low', 'open', NULL, '2026-02-27 12:20:37', '2026-02-27 12:20:37', '2026-03-01 12:20:37', NULL, NULL, 0, NULL),
('T000137', 'C00088', 'O000087', '账单金额与实际不符，需核对', '客户反馈订单已签收 3 天，但系统物流信息仍停留在''运输中''状态，要求更新。', 'technical', 'high', 'in_progress', '客户黄伟反馈technical问题，优先级high。', '2026-04-24 09:26:42', '2026-04-24 09:26:42', '2026-04-24 17:26:42', '2026-04-24 12:18:50', NULL, 0, 'U001'),
('T000138', 'C00048', 'O000339', '对账单下载功能异常', '客户尝试下载本月对账单时页面报错''文件生成失败''，已尝试多次均无法成功。', 'billing', 'medium', 'resolved', '客户张霞反馈billing问题，优先级medium。', '2026-04-27 09:49:40', '2026-04-27 09:49:40', '2026-04-28 09:49:40', '2026-04-27 11:09:26', '2026-04-28 02:29:27', 0, 'U003'),
('T000139', 'C00058', NULL, '权限申请 - 需要开通高级功能', '订单在上游系统已标记为''已发货''，但下游 CRM 系统仍显示''待处理''，数据同步延迟超过 2 小时。', 'technical', 'low', 'in_progress', '客户胡秀英反馈technical问题，优先级low。', '2026-03-02 00:29:31', '2026-03-02 00:29:31', '2026-03-04 00:29:31', '2026-03-02 03:45:04', NULL, 0, 'U003'),
('T000140', 'C00092', NULL, '对账单下载功能异常', '客户反馈在支付环节点击确认后页面无响应，已尝试更换浏览器和网络环境，问题依旧。请技术团队排查支付网关日志。', 'account', 'low', 'open', NULL, '2026-03-26 00:49:49', '2026-03-26 00:49:49', '2026-03-28 00:49:49', NULL, NULL, 0, NULL),
('T000141', 'C00046', NULL, '批量导入数据失败，报错信息不明确', '客户公司法人变更，需更新合同主体信息及发票抬头，要求提供变更流程和所需材料。', 'account', 'high', 'open', NULL, '2026-03-24 13:06:50', '2026-03-24 13:06:50', '2026-03-24 21:06:50', NULL, NULL, 0, NULL),
('T000142', 'C00089', 'O000400', '重复扣费问题，订单号 O000400', '客户反馈在支付环节点击确认后页面无响应，已尝试更换浏览器和网络环境，问题依旧。请技术团队排查支付网关日志。', 'general', 'high', 'in_progress', '客户周磊反馈general问题，优先级high。', '2026-03-31 15:52:26', '2026-03-31 15:52:26', '2026-03-31 23:52:26', '2026-03-31 19:24:41', NULL, 0, 'U003'),
('T000143', 'C00079', 'O000164', '权限申请 - 需要开通高级功能', '客户反馈在支付环节点击确认后页面无响应，已尝试更换浏览器和网络环境，问题依旧。请技术团队排查支付网关日志。', 'technical', 'low', 'open', NULL, '2026-03-29 12:49:23', '2026-03-29 12:49:23', '2026-03-31 12:49:23', NULL, NULL, 0, NULL),
('T000144', 'C00046', 'O000056', '数据同步延迟，订单状态未更新', '客户反馈订单已签收 3 天，但系统物流信息仍停留在''运输中''状态，要求更新。', 'account', 'high', 'open', NULL, '2026-03-16 09:23:03', '2026-03-16 09:23:03', '2026-03-16 17:23:03', NULL, NULL, 0, NULL),
('T000145', 'C00055', NULL, '客户信息修改申请', '客户于 10 天前提交退款申请，至今未到账。多次催促无果，情绪激动，威胁投诉至消费者协会。', 'general', 'low', 'in_progress', '客户王洋反馈general问题，优先级low。', '2026-05-23 17:51:12', '2026-05-23 17:51:12', '2026-05-25 17:51:12', '2026-05-23 21:23:59', NULL, 0, 'U003'),
('T000146', 'C00075', NULL, '服务到期续费问题咨询', '业务高峰期（每日 10:00-11:00）API 响应时间超过 5 秒，导致订单创建失败率上升至 15%，严重影响客户体验。', 'technical', 'medium', 'open', NULL, '2026-03-03 16:28:53', '2026-03-03 16:28:53', '2026-03-04 16:28:53', NULL, NULL, 0, NULL),
('T000147', 'C00083', 'O000187', '重复扣费问题，订单号 O000187', '客户报告账户余额显示为负数，但近期无大额消费记录。怀疑系统计算错误，需财务和技术联合核查。', 'billing', 'low', 'resolved', '客户罗平反馈billing问题，优先级low。', '2026-05-21 02:22:08', '2026-05-21 02:22:08', '2026-05-23 02:22:08', '2026-05-21 06:00:17', '2026-05-21 08:03:13', 0, 'U002'),
('T000148', 'C00001', NULL, '批量导入数据失败，报错信息不明确', '企业客户要求开具增值税专用发票，抬头：上海卓越信息技术公司，税号：9111000043458143，订单金额 ¥1904.66。', 'billing', 'low', 'open', NULL, '2026-03-03 11:34:00', '2026-03-03 11:34:00', '2026-03-05 11:34:00', NULL, NULL, 0, NULL),
('T000149', 'C00016', 'O000369', '权限申请 - 需要开通高级功能', '订单在上游系统已标记为''已发货''，但下游 CRM 系统仍显示''待处理''，数据同步延迟超过 2 小时。', 'general', 'low', 'open', NULL, '2026-05-08 09:11:24', '2026-05-08 09:11:24', '2026-05-10 09:11:24', NULL, NULL, 0, NULL),
('T000150', 'C00069', 'O000466', '系统登录异常，提示账号被锁定', '企业客户要求开具增值税专用发票，抬头：合肥宏图咨询服务公司，税号：9111000098200676，订单金额 ¥3062.18。', 'account', 'medium', 'resolved', '客户赵明反馈account问题，优先级medium。', '2026-04-22 15:00:20', '2026-04-22 15:00:20', '2026-04-23 15:00:20', '2026-04-22 17:40:14', '2026-04-22 20:24:28', 0, 'U002'),
('T000151', 'C00020', NULL, '发票开具申请 - 订单 N/A', '订单在上游系统已标记为''已发货''，但下游 CRM 系统仍显示''待处理''，数据同步延迟超过 2 小时。', 'account', 'medium', 'open', NULL, '2026-05-18 10:11:23', '2026-05-18 10:11:23', '2026-05-19 10:11:23', NULL, NULL, 0, NULL),
('T000152', 'C00054', 'O000042', '发票开具申请 - 订单 O000042', '客户公司法人变更，需更新合同主体信息及发票抬头，要求提供变更流程和所需材料。', 'account', 'medium', 'resolved', '客户李娟反馈account问题，优先级medium。', '2026-04-17 11:35:12', '2026-04-17 11:35:12', '2026-04-18 11:35:12', '2026-04-17 15:33:47', '2026-04-18 01:17:13', 0, 'U002'),
('T000153', 'C00054', 'O000424', '客户信息修改申请', '订单在上游系统已标记为''已发货''，但下游 CRM 系统仍显示''待处理''，数据同步延迟超过 2 小时。', 'billing', 'low', 'in_progress', '客户李娟反馈billing问题，优先级low。', '2026-02-24 14:47:53', '2026-02-24 14:47:53', '2026-02-26 14:47:53', '2026-02-24 17:59:13', NULL, 0, 'U003'),
('T000154', 'C00018', NULL, '对账单下载功能异常', '客户对账时发现本月账单总额比实际消费高出 ¥99.32，要求提供详细消费明细和差异说明。', 'billing', 'low', 'resolved', '客户陈静反馈billing问题，优先级low。', '2026-04-09 15:16:15', '2026-04-09 15:16:15', '2026-04-11 15:16:15', '2026-04-09 15:51:02', '2026-04-10 10:58:32', 2, 'U001'),
('T000155', 'C00094', 'O000274', 'API 调用频繁超时，影响业务', '客户反馈在支付环节点击确认后页面无响应，已尝试更换浏览器和网络环境，问题依旧。请技术团队排查支付网关日志。', 'account', 'urgent', 'open', NULL, '2026-04-16 11:02:53', '2026-04-16 11:02:53', '2026-04-16 15:02:53', NULL, NULL, 0, NULL),
('T000156', 'C00099', 'O000037', '对账单下载功能异常', '客户反馈使用正确账号密码登录时提示''账号已被锁定，请联系管理员''，但未收到任何安全警告邮件。', 'technical', 'low', 'open', NULL, '2026-03-25 09:03:43', '2026-03-25 09:03:43', '2026-03-27 09:03:43', NULL, NULL, 0, NULL),
('T000157', 'C00030', NULL, 'API 调用频繁超时，影响业务', '使用批量导入功能上传 Excel 文件后提示''第 47 行数据格式错误''，但未说明具体哪个字段有问题，客户无法定位。', 'billing', 'high', 'resolved', '客户胡超反馈billing问题，优先级high。', '2026-05-22 12:03:03', '2026-05-22 12:03:03', '2026-05-22 20:03:03', '2026-05-22 13:48:01', '2026-05-22 20:55:55', 0, 'U003'),
('T000158', 'C00091', 'O000205', '订单 O000205 退款进度查询', '客户反馈使用正确账号密码登录时提示''账号已被锁定，请联系管理员''，但未收到任何安全警告邮件。', 'general', 'urgent', 'in_progress', '客户王静反馈general问题，优先级urgent。', '2026-02-27 09:07:48', '2026-02-27 09:07:48', '2026-02-27 13:07:48', '2026-02-27 11:56:13', NULL, 0, 'U001'),
('T000159', 'C00067', 'O000061', '权限申请 - 需要开通高级功能', '客户公司法人变更，需更新合同主体信息及发票抬头，要求提供变更流程和所需材料。', 'technical', 'urgent', 'closed', '客户林秀英反馈technical问题，优先级urgent。', '2026-04-03 15:14:03', '2026-04-03 15:14:03', '2026-04-03 19:14:03', '2026-04-03 16:07:20', '2026-04-03 19:01:56', 0, 'U003'),
('T000160', 'C00099', 'O000457', '重复扣费问题，订单号 O000457', '客户反馈订单已签收 3 天，但系统物流信息仍停留在''运输中''状态，要求更新。', 'account', 'high', 'closed', '客户李芳反馈account问题，优先级high。', '2026-04-18 23:27:39', '2026-04-18 23:27:39', '2026-04-19 07:27:39', '2026-04-19 01:59:19', '2026-04-19 17:34:18', 1, 'U003'),
('T000161', 'C00061', 'O000185', '订单 O000185 支付失败，请协助处理', '业务高峰期（每日 10:00-11:00）API 响应时间超过 5 秒，导致订单创建失败率上升至 15%，严重影响客户体验。', 'technical', 'low', 'open', NULL, '2026-03-05 10:24:04', '2026-03-05 10:24:04', '2026-03-07 10:24:04', NULL, NULL, 0, NULL),
('T000162', 'C00049', 'O000174', '订单 O000174 退款进度查询', '业务高峰期（每日 10:00-11:00）API 响应时间超过 5 秒，导致订单创建失败率上升至 15%，严重影响客户体验。', 'billing', 'low', 'in_progress', '客户徐超反馈billing问题，优先级low。', '2026-04-19 13:42:33', '2026-04-19 13:42:33', '2026-04-21 13:42:33', '2026-04-19 14:57:28', NULL, 0, 'U002'),
('T000163', 'C00051', 'O000128', '账单金额与实际不符，需核对', '企业客户要求开具增值税专用发票，抬头：南京锦绣咨询服务公司，税号：9111000092184630，订单金额 ¥3419.13。', 'technical', 'medium', 'in_progress', '客户马勇反馈technical问题，优先级medium。', '2026-02-27 16:59:46', '2026-02-27 16:59:46', '2026-02-28 16:59:46', '2026-02-27 17:52:08', NULL, 0, 'U002'),
('T000164', 'C00029', NULL, '发票开具申请 - 订单 N/A', '客户申请开通''批量导出''和''自定义报表''功能，需主管审批后开通权限。', 'general', 'low', 'closed', '客户何强反馈general问题，优先级low。', '2026-04-01 08:35:30', '2026-04-01 08:35:30', '2026-04-03 08:35:30', '2026-04-01 10:00:06', '2026-04-01 20:44:13', 0, 'U002'),
('T000165', 'C00036', 'O000469', '批量导入数据失败，报错信息不明确', '客户反馈订单已签收 3 天，但系统物流信息仍停留在''运输中''状态，要求更新。', 'general', 'high', 'open', NULL, '2026-03-24 10:16:27', '2026-03-24 10:16:27', '2026-03-24 18:16:27', NULL, NULL, 0, NULL),
('T000166', 'C00012', 'O000060', '数据同步延迟，订单状态未更新', '客户反馈在支付环节点击确认后页面无响应，已尝试更换浏览器和网络环境，问题依旧。请技术团队排查支付网关日志。', 'general', 'high', 'open', NULL, '2026-04-03 10:28:37', '2026-04-03 10:28:37', '2026-04-03 18:28:37', NULL, NULL, 0, NULL),
('T000167', 'C00025', NULL, '系统登录异常，提示账号被锁定', '订单在上游系统已标记为''已发货''，但下游 CRM 系统仍显示''待处理''，数据同步延迟超过 2 小时。', 'account', 'urgent', 'resolved', '客户徐伟反馈account问题，优先级urgent。', '2026-04-22 09:56:43', '2026-04-22 09:56:43', '2026-04-22 13:56:43', '2026-04-22 11:53:17', '2026-04-22 19:40:39', 0, 'U003'),
('T000168', 'C00025', 'O000109', '系统登录异常，提示账号被锁定', '客户反馈订单已签收 3 天，但系统物流信息仍停留在''运输中''状态，要求更新。', 'billing', 'medium', 'open', NULL, '2026-04-12 12:01:05', '2026-04-12 12:01:05', '2026-04-13 12:01:05', NULL, NULL, 0, NULL),
('T000169', 'C00086', 'O000165', '对账单下载功能异常', '客户服务套餐将于 4 天后到期，咨询续费折扣政策及是否支持按月付费。', 'billing', 'medium', 'in_progress', '客户胡平反馈billing问题，优先级medium。', '2026-03-25 12:52:43', '2026-03-25 12:52:43', '2026-03-26 12:52:43', '2026-03-25 15:04:37', NULL, 0, 'U003'),
('T000170', 'C00020', 'O000016', '服务到期续费问题咨询', '客户对账时发现本月账单总额比实际消费高出 ¥70.12，要求提供详细消费明细和差异说明。', 'account', 'high', 'open', NULL, '2026-03-14 05:17:35', '2026-03-14 05:17:35', '2026-03-14 13:17:35', NULL, NULL, 0, NULL),
('T000171', 'C00043', 'O000375', '订单 O000375 退款进度查询', '客户申请开通''批量导出''和''自定义报表''功能，需主管审批后开通权限。', 'general', 'urgent', 'resolved', '客户陈超反馈general问题，优先级urgent。', '2026-05-24 16:00:18', '2026-05-24 16:00:18', '2026-05-24 20:00:18', '2026-05-24 16:44:09', '2026-05-25 03:51:48', 0, 'U002'),
('T000172', 'C00020', 'O000045', '订单 O000045 退款进度查询', '客户尝试下载本月对账单时页面报错''文件生成失败''，已尝试多次均无法成功。', 'billing', 'urgent', 'open', NULL, '2026-05-08 12:06:46', '2026-05-08 12:06:46', '2026-05-08 16:06:46', NULL, NULL, 0, NULL),
('T000173', 'C00018', 'O000219', '服务到期续费问题咨询', '订单在上游系统已标记为''已发货''，但下游 CRM 系统仍显示''待处理''，数据同步延迟超过 2 小时。', 'account', 'high', 'in_progress', '客户陈静反馈account问题，优先级high。', '2026-03-27 09:51:36', '2026-03-27 09:51:36', '2026-03-27 17:51:36', '2026-03-27 12:15:28', NULL, 0, 'U001'),
('T000174', 'C00087', 'O000319', '订单 O000319 支付失败，请协助处理', '客户服务套餐将于 4 天后到期，咨询续费折扣政策及是否支持按月付费。', 'technical', 'low', 'in_progress', '客户刘霞反馈technical问题，优先级low。', '2026-05-03 11:09:05', '2026-05-03 11:09:05', '2026-05-05 11:09:05', '2026-05-03 15:05:45', NULL, 0, 'U003'),
('T000175', 'C00009', 'O000241', '订单 O000241 支付失败，请协助处理', '客户申请开通''批量导出''和''自定义报表''功能，需主管审批后开通权限。', 'general', 'low', 'resolved', '客户郭静反馈general问题，优先级low。', '2026-03-02 11:20:14', '2026-03-02 11:20:14', '2026-03-04 11:20:14', '2026-03-02 12:49:24', '2026-03-03 07:22:36', 0, 'U001'),
('T000176', 'C00049', 'O000132', '系统登录异常，提示账号被锁定', '客户尝试下载本月对账单时页面报错''文件生成失败''，已尝试多次均无法成功。', 'technical', 'medium', 'open', NULL, '2026-03-12 03:51:39', '2026-03-12 03:51:39', '2026-03-13 03:51:39', NULL, NULL, 0, NULL),
('T000177', 'C00047', NULL, '订单 N/A 退款进度查询', '客户尝试下载本月对账单时页面报错''文件生成失败''，已尝试多次均无法成功。', 'account', 'high', 'resolved', '客户林静反馈account问题，优先级high。', '2026-02-24 13:44:51', '2026-02-24 13:44:51', '2026-02-24 21:44:51', '2026-02-24 17:27:14', '2026-02-25 17:22:04', 0, 'U002'),
('T000178', 'C00086', NULL, '数据同步延迟，订单状态未更新', '客户报告账户余额显示为负数，但近期无大额消费记录。怀疑系统计算错误，需财务和技术联合核查。', 'technical', 'low', 'in_progress', '客户胡平反馈technical问题，优先级low。', '2026-05-22 17:00:58', '2026-05-22 17:00:58', '2026-05-24 17:00:58', '2026-05-22 19:43:22', NULL, 0, 'U002'),
('T000179', 'C00042', NULL, '客户信息修改申请', '客户服务套餐将于 3 天后到期，咨询续费折扣政策及是否支持按月付费。', 'billing', 'low', 'resolved', '客户赵勇反馈billing问题，优先级low。', '2026-04-05 16:23:53', '2026-04-05 16:23:53', '2026-04-07 16:23:53', '2026-04-05 18:18:31', '2026-04-05 22:56:45', 0, 'U003'),
('T000180', 'C00005', 'O000255', '服务到期续费问题咨询', '客户反馈在支付环节点击确认后页面无响应，已尝试更换浏览器和网络环境，问题依旧。请技术团队排查支付网关日志。', 'account', 'medium', 'in_progress', '客户王超反馈account问题，优先级medium。', '2026-05-04 10:36:25', '2026-05-04 10:36:25', '2026-05-05 10:36:25', '2026-05-04 14:26:22', NULL, 0, 'U002'),
('T000181', 'C00058', 'O000340', '对账单下载功能异常', '客户反馈订单已签收 3 天，但系统物流信息仍停留在''运输中''状态，要求更新。', 'general', 'medium', 'closed', '客户胡秀英反馈general问题，优先级medium。', '2026-03-20 11:56:20', '2026-03-20 11:56:20', '2026-03-21 11:56:20', '2026-03-20 13:01:50', '2026-03-20 14:26:42', 0, 'U001'),
('T000182', 'C00072', NULL, '客户信息修改申请', '企业客户要求开具增值税专用发票，抬头：南京瑞达咨询服务公司，税号：9111000097524264，订单金额 ¥569.78。', 'billing', 'medium', 'in_progress', '客户孙伟反馈billing问题，优先级medium。', '2026-03-11 17:03:34', '2026-03-11 17:03:34', '2026-03-12 17:03:34', '2026-03-11 20:51:10', NULL, 0, 'U001'),
('T000183', 'C00021', 'O000206', '权限申请 - 需要开通高级功能', '客户报告账户余额显示为负数，但近期无大额消费记录。怀疑系统计算错误，需财务和技术联合核查。', 'technical', 'low', 'resolved', '客户胡艳反馈technical问题，优先级low。', '2026-03-05 00:24:23', '2026-03-05 00:24:23', '2026-03-07 00:24:23', '2026-03-05 04:10:48', '2026-03-05 08:44:08', 0, 'U002'),
('T000184', 'C00076', 'O000445', '订单 O000445 支付失败，请协助处理', '客户尝试下载本月对账单时页面报错''文件生成失败''，已尝试多次均无法成功。', 'general', 'low', 'in_progress', '客户马涛反馈general问题，优先级low。', '2026-04-24 13:54:58', '2026-04-24 13:54:58', '2026-04-26 13:54:58', '2026-04-24 14:54:18', NULL, 0, 'U003'),
('T000185', 'C00097', NULL, '服务到期续费问题咨询', '客户尝试下载本月对账单时页面报错''文件生成失败''，已尝试多次均无法成功。', 'technical', 'high', 'resolved', '客户黄娟反馈technical问题，优先级high。', '2026-03-09 11:36:13', '2026-03-09 11:36:13', '2026-03-09 19:36:13', '2026-03-09 12:58:14', '2026-03-10 12:14:14', 0, 'U001'),
('T000186', 'C00035', 'O000301', '权限申请 - 需要开通高级功能', '客户报告账户余额显示为负数，但近期无大额消费记录。怀疑系统计算错误，需财务和技术联合核查。', 'billing', 'high', 'resolved', '客户朱勇反馈billing问题，优先级high。', '2026-03-16 17:12:53', '2026-03-16 17:12:53', '2026-03-17 01:12:53', '2026-03-16 20:34:33', '2026-03-17 16:16:13', 0, 'U002'),
('T000187', 'C00024', 'O000366', '订单 O000366 物流信息未更新', '企业客户要求开具增值税专用发票，抬头：广州海纳智能科技公司，税号：9111000045353750，订单金额 ¥3123.64。', 'general', 'low', 'in_progress', '客户朱静反馈general问题，优先级low。', '2026-04-09 17:44:33', '2026-04-09 17:44:33', '2026-04-11 17:44:33', '2026-04-09 19:10:45', NULL, 0, 'U003'),
('T000188', 'C00085', NULL, '订单 N/A 退款进度查询', '客户对账时发现本月账单总额比实际消费高出 ¥343.07，要求提供详细消费明细和差异说明。', 'billing', 'medium', 'resolved', '客户胡杰反馈billing问题，优先级medium。', '2026-03-16 14:33:04', '2026-03-16 14:33:04', '2026-03-17 14:33:04', '2026-03-16 15:47:22', '2026-03-17 03:04:44', 0, 'U001'),
('T000189', 'C00008', 'O000144', '服务到期续费问题咨询', '客户公司法人变更，需更新合同主体信息及发票抬头，要求提供变更流程和所需材料。', 'account', 'medium', 'in_progress', '客户刘军反馈account问题，优先级medium。', '2026-04-01 15:04:53', '2026-04-01 15:04:53', '2026-04-02 15:04:53', '2026-04-01 16:30:30', NULL, 0, 'U001'),
('T000190', 'C00061', NULL, '批量导入数据失败，报错信息不明确', '客户申请开通''批量导出''和''自定义报表''功能，需主管审批后开通权限。', 'general', 'low', 'resolved', '客户马艳反馈general问题，优先级low。', '2026-04-24 22:09:43', '2026-04-24 22:09:43', '2026-04-26 22:09:43', '2026-04-25 01:23:25', '2026-04-25 10:27:58', 0, 'U003'),
('T000191', 'C00053', 'O000284', '账户余额异常，无法完成支付', '客户反馈订单已签收 3 天，但系统物流信息仍停留在''运输中''状态，要求更新。', 'account', 'low', 'resolved', '客户吴洋反馈account问题，优先级low。', '2026-04-01 11:00:11', '2026-04-01 11:00:11', '2026-04-03 11:00:11', '2026-04-01 11:31:57', '2026-04-02 07:26:10', 0, 'U001'),
('T000192', 'C00004', NULL, 'API 调用频繁超时，影响业务', '客户反馈订单已签收 3 天，但系统物流信息仍停留在''运输中''状态，要求更新。', 'billing', 'low', 'resolved', '客户郭磊反馈billing问题，优先级low。', '2026-04-18 14:51:00', '2026-04-18 14:51:00', '2026-04-20 14:51:00', '2026-04-18 16:46:36', '2026-04-19 06:54:44', 0, 'U001'),
('T000193', 'C00072', NULL, '账户余额异常，无法完成支付', '客户报告账户余额显示为负数，但近期无大额消费记录。怀疑系统计算错误，需财务和技术联合核查。', 'technical', 'medium', 'closed', '客户孙伟反馈technical问题，优先级medium。', '2026-04-12 19:59:07', '2026-04-12 19:59:07', '2026-04-13 19:59:07', '2026-04-12 22:05:02', '2026-04-13 14:17:59', 0, 'U001'),
('T000194', 'C00064', 'O000318', '客户信息修改申请', '业务高峰期（每日 10:00-11:00）API 响应时间超过 5 秒，导致订单创建失败率上升至 15%，严重影响客户体验。', 'billing', 'medium', 'open', NULL, '2026-03-14 16:23:23', '2026-03-14 16:23:23', '2026-03-15 16:23:23', NULL, NULL, 0, NULL),
('T000195', 'C00094', NULL, '权限申请 - 需要开通高级功能', '客户账户在 1日13时 被重复扣款两次，金额分别为 ¥841.77 和 ¥851.97，订单号相同。客户要求立即退还多扣款项并给出解释。', 'general', 'low', 'in_progress', '客户李丽反馈general问题，优先级low。', '2026-05-13 17:29:42', '2026-05-13 17:29:42', '2026-05-15 17:29:42', '2026-05-13 20:25:30', NULL, 0, 'U003'),
('T000196', 'C00031', 'O000026', 'API 调用频繁超时，影响业务', '客户公司法人变更，需更新合同主体信息及发票抬头，要求提供变更流程和所需材料。', 'general', 'high', 'open', NULL, '2026-03-06 16:46:42', '2026-03-06 16:46:42', '2026-03-07 00:46:42', NULL, NULL, 0, NULL),
('T000197', 'C00010', 'O000292', '对账单下载功能异常', '客户反馈订单已签收 3 天，但系统物流信息仍停留在''运输中''状态，要求更新。', 'technical', 'medium', 'closed', '客户高芳反馈technical问题，优先级medium。', '2026-04-24 11:32:16', '2026-04-24 11:32:16', '2026-04-25 11:32:16', '2026-04-24 12:21:44', '2026-04-25 05:52:50', 1, 'U001'),
('T000198', 'C00058', 'O000172', '账户余额异常，无法完成支付', '使用批量导入功能上传 Excel 文件后提示''第 47 行数据格式错误''，但未说明具体哪个字段有问题，客户无法定位。', 'technical', 'medium', 'open', NULL, '2026-03-20 12:13:55', '2026-03-20 12:13:55', '2026-03-21 12:13:55', NULL, NULL, 0, NULL),
('T000199', 'C00080', 'O000452', '订单 O000452 支付失败，请协助处理', '企业客户要求开具增值税专用发票，抬头：西安星辰云计算公司，税号：9111000017471520，订单金额 ¥1319.09。', 'billing', 'high', 'resolved', '客户赵霞反馈billing问题，优先级high。', '2026-04-10 14:56:03', '2026-04-10 14:56:03', '2026-04-10 22:56:03', '2026-04-10 18:11:57', '2026-04-11 01:59:21', 0, 'U001'),
('T000200', 'C00069', 'O000314', '数据同步延迟，订单状态未更新', '订单在上游系统已标记为''已发货''，但下游 CRM 系统仍显示''待处理''，数据同步延迟超过 2 小时。', 'general', 'low', 'resolved', '客户赵明反馈general问题，优先级low。', '2026-03-13 17:01:47', '2026-03-13 17:01:47', '2026-03-15 17:01:47', '2026-03-13 20:19:13', '2026-03-14 02:03:27', 0, 'U002'),
('T000201', 'C00078', 'O000427', '订单 O000427 物流信息未更新', '使用批量导入功能上传 Excel 文件后提示''第 47 行数据格式错误''，但未说明具体哪个字段有问题，客户无法定位。', 'technical', 'medium', 'open', NULL, '2026-05-04 13:08:38', '2026-05-04 13:08:38', '2026-05-05 13:08:38', NULL, NULL, 0, NULL),
('T000202', 'C00049', NULL, 'API 调用频繁超时，影响业务', '客户服务套餐将于 10 天后到期，咨询续费折扣政策及是否支持按月付费。', 'general', 'low', 'in_progress', '客户徐超反馈general问题，优先级low。', '2026-03-25 09:50:11', '2026-03-25 09:50:11', '2026-03-27 09:50:11', '2026-03-25 13:23:53', NULL, 0, 'U002'),
('T000203', 'C00047', 'O000040', '订单 O000040 物流信息未更新', '企业客户要求开具增值税专用发票，抬头：杭州云端电子商务公司，税号：9111000064606420，订单金额 ¥3578.29。', 'general', 'medium', 'resolved', '客户林静反馈general问题，优先级medium。', '2026-03-19 06:18:53', '2026-03-19 06:18:53', '2026-03-20 06:18:53', '2026-03-19 08:19:43', '2026-03-19 23:08:28', 0, 'U002'),
('T000204', 'C00062', NULL, '权限申请 - 需要开通高级功能', '使用批量导入功能上传 Excel 文件后提示''第 47 行数据格式错误''，但未说明具体哪个字段有问题，客户无法定位。', 'general', 'medium', 'open', NULL, '2026-03-27 10:11:19', '2026-03-27 10:11:19', '2026-03-28 10:11:19', NULL, NULL, 0, NULL),
('T000205', 'C00094', 'O000265', '权限申请 - 需要开通高级功能', '客户申请开通''批量导出''和''自定义报表''功能，需主管审批后开通权限。', 'billing', 'urgent', 'closed', '客户李丽反馈billing问题，优先级urgent。', '2026-02-25 13:15:17', '2026-02-25 13:15:17', '2026-02-25 17:15:17', '2026-02-25 15:09:34', '2026-02-26 03:58:25', 0, 'U001'),
('T000206', 'C00081', 'O000222', '服务到期续费问题咨询', '客户反馈在支付环节点击确认后页面无响应，已尝试更换浏览器和网络环境，问题依旧。请技术团队排查支付网关日志。', 'account', 'medium', 'open', NULL, '2026-03-25 14:50:04', '2026-03-25 14:50:04', '2026-03-26 14:50:04', NULL, NULL, 0, NULL),
('T000207', 'C00024', 'O000180', '对账单下载功能异常', '业务高峰期（每日 10:00-11:00）API 响应时间超过 5 秒，导致订单创建失败率上升至 15%，严重影响客户体验。', 'account', 'medium', 'resolved', '客户朱静反馈account问题，优先级medium。', '2026-05-21 12:17:08', '2026-05-21 12:17:08', '2026-05-22 12:17:08', '2026-05-21 15:17:47', '2026-05-22 05:16:28', 0, 'U003'),
('T000208', 'C00027', 'O000416', '批量导入数据失败，报错信息不明确', '客户反馈使用正确账号密码登录时提示''账号已被锁定，请联系管理员''，但未收到任何安全警告邮件。', 'technical', 'urgent', 'in_progress', '客户何静反馈technical问题，优先级urgent。', '2026-05-21 10:17:04', '2026-05-21 10:17:04', '2026-05-21 14:17:04', '2026-05-21 11:49:53', NULL, 0, 'U002'),
('T000209', 'C00017', NULL, '订单 N/A 支付失败，请协助处理', '客户反馈在支付环节点击确认后页面无响应，已尝试更换浏览器和网络环境，问题依旧。请技术团队排查支付网关日志。', 'account', 'low', 'in_progress', '客户罗杰反馈account问题，优先级low。', '2026-05-06 10:46:49', '2026-05-06 10:46:49', '2026-05-08 10:46:49', '2026-05-06 14:43:06', NULL, 0, 'U002'),
('T000210', 'C00001', 'O000364', 'API 调用频繁超时，影响业务', '客户反馈订单已签收 3 天，但系统物流信息仍停留在''运输中''状态，要求更新。', 'technical', 'low', 'resolved', '客户高涛反馈technical问题，优先级low。', '2026-03-20 13:20:25', '2026-03-20 13:20:25', '2026-03-22 13:20:25', '2026-03-20 15:04:55', '2026-03-21 09:59:39', 0, 'U003'),
('T000211', 'C00023', 'O000069', '订单 O000069 支付失败，请协助处理', '客户公司法人变更，需更新合同主体信息及发票抬头，要求提供变更流程和所需材料。', 'technical', 'medium', 'closed', '客户赵强反馈technical问题，优先级medium。', '2026-03-25 15:06:44', '2026-03-25 15:06:44', '2026-03-26 15:06:44', '2026-03-25 17:08:19', '2026-03-26 08:19:18', 0, 'U002'),
('T000212', 'C00029', NULL, '订单 N/A 支付失败，请协助处理', '客户反馈订单已签收 3 天，但系统物流信息仍停留在''运输中''状态，要求更新。', 'billing', 'medium', 'resolved', '客户何强反馈billing问题，优先级medium。', '2026-03-02 17:21:31', '2026-03-02 17:21:31', '2026-03-03 17:21:31', '2026-03-02 18:30:10', '2026-03-03 15:04:44', 0, 'U001'),
('T000213', 'C00100', 'O000194', '系统登录异常，提示账号被锁定', '订单在上游系统已标记为''已发货''，但下游 CRM 系统仍显示''待处理''，数据同步延迟超过 2 小时。', 'billing', 'low', 'closed', '客户林秀英反馈billing问题，优先级low。', '2026-04-16 15:50:57', '2026-04-16 15:50:57', '2026-04-18 15:50:57', '2026-04-16 16:49:14', '2026-04-17 03:08:32', 0, 'U001'),
('T000214', 'C00062', 'O000427', '账户余额异常，无法完成支付', '客户账户在 3日11时 被重复扣款两次，金额分别为 ¥132.52 和 ¥532.1，订单号相同。客户要求立即退还多扣款项并给出解释。', 'account', 'low', 'in_progress', '客户周娜反馈account问题，优先级low。', '2026-03-22 17:47:10', '2026-03-22 17:47:10', '2026-03-24 17:47:10', '2026-03-22 19:36:51', NULL, 0, 'U003'),
('T000215', 'C00050', 'O000309', '发票开具申请 - 订单 O000309', '使用批量导入功能上传 Excel 文件后提示''第 47 行数据格式错误''，但未说明具体哪个字段有问题，客户无法定位。', 'general', 'medium', 'resolved', '客户刘杰反馈general问题，优先级medium。', '2026-05-13 09:21:43', '2026-05-13 09:21:43', '2026-05-14 09:21:43', '2026-05-13 10:55:33', '2026-05-14 05:41:57', 0, 'U002'),
('T000216', 'C00058', 'O000361', 'API 调用频繁超时，影响业务', '客户于 15 天前提交退款申请，至今未到账。多次催促无果，情绪激动，威胁投诉至消费者协会。', 'account', 'low', 'open', NULL, '2026-05-07 10:10:21', '2026-05-07 10:10:21', '2026-05-09 10:10:21', NULL, NULL, 0, NULL),
('T000217', 'C00053', NULL, '发票开具申请 - 订单 N/A', '客户对账时发现本月账单总额比实际消费高出 ¥311.28，要求提供详细消费明细和差异说明。', 'account', 'high', 'open', NULL, '2026-04-10 11:53:21', '2026-04-10 11:53:21', '2026-04-10 19:53:21', NULL, NULL, 0, NULL),
('T000218', 'C00012', NULL, '数据同步延迟，订单状态未更新', '客户账户在 2日17时 被重复扣款两次，金额分别为 ¥439.3 和 ¥189.79，订单号相同。客户要求立即退还多扣款项并给出解释。', 'general', 'medium', 'open', NULL, '2026-04-23 15:57:41', '2026-04-23 15:57:41', '2026-04-24 15:57:41', NULL, NULL, 0, NULL),
('T000219', 'C00052', 'O000033', '订单 O000033 物流信息未更新', '企业客户要求开具增值税专用发票，抬头：长沙卓越咨询服务公司，税号：9111000071294585，订单金额 ¥4542.56。', 'technical', 'medium', 'in_progress', '客户杨敏反馈technical问题，优先级medium。', '2026-05-09 09:50:44', '2026-05-09 09:50:44', '2026-05-10 09:50:44', '2026-05-09 12:16:57', NULL, 0, 'U002'),
('T000220', 'C00030', 'O000163', '对账单下载功能异常', '客户服务套餐将于 9 天后到期，咨询续费折扣政策及是否支持按月付费。', 'billing', 'medium', 'in_progress', '客户胡超反馈billing问题，优先级medium。', '2026-04-10 09:09:42', '2026-04-10 09:09:42', '2026-04-11 09:09:42', '2026-04-10 13:05:07', NULL, 0, 'U003'),
('T000221', 'C00080', NULL, '订单 N/A 支付失败，请协助处理', '企业客户要求开具增值税专用发票，抬头：西安星辰云计算公司，税号：9111000063378697，订单金额 ¥2859.17。', 'billing', 'medium', 'resolved', '客户赵霞反馈billing问题，优先级medium。', '2026-02-24 18:03:17', '2026-02-24 18:03:17', '2026-02-25 18:03:17', '2026-02-24 21:51:40', '2026-02-25 19:29:44', 0, 'U003'),
('T000222', 'C00038', 'O000498', '订单 O000498 支付失败，请协助处理', '客户服务套餐将于 10 天后到期，咨询续费折扣政策及是否支持按月付费。', 'account', 'low', 'resolved', '客户高超反馈account问题，优先级low。', '2026-03-17 10:21:06', '2026-03-17 10:21:06', '2026-03-19 10:21:06', '2026-03-17 14:13:28', '2026-03-18 02:29:47', 0, 'U001'),
('T000223', 'C00021', 'O000498', 'API 调用频繁超时，影响业务', '客户服务套餐将于 6 天后到期，咨询续费折扣政策及是否支持按月付费。', 'technical', 'medium', 'open', NULL, '2026-05-21 16:11:45', '2026-05-21 16:11:45', '2026-05-22 16:11:45', NULL, NULL, 0, NULL),
('T000224', 'C00086', NULL, '账单金额与实际不符，需核对', '客户服务套餐将于 5 天后到期，咨询续费折扣政策及是否支持按月付费。', 'technical', 'medium', 'closed', '客户胡平反馈technical问题，优先级medium。', '2026-04-18 03:37:13', '2026-04-18 03:37:13', '2026-04-19 03:37:13', '2026-04-18 04:30:35', '2026-04-18 21:03:47', 0, 'U003'),
('T000225', 'C00027', NULL, '账户余额异常，无法完成支付', '企业客户要求开具增值税专用发票，抬头：重庆数智科技有限公司，税号：9111000016127275，订单金额 ¥3669.14。', 'billing', 'medium', 'closed', '客户何静反馈billing问题，优先级medium。', '2026-05-14 16:15:42', '2026-05-14 16:15:42', '2026-05-15 16:15:42', '2026-05-14 20:08:18', '2026-05-15 01:50:03', 2, 'U003'),
('T000226', 'C00059', 'O000243', '重复扣费问题，订单号 O000243', '客户申请开通''批量导出''和''自定义报表''功能，需主管审批后开通权限。', 'technical', 'medium', 'in_progress', '客户陈静反馈technical问题，优先级medium。', '2026-03-05 10:57:22', '2026-03-05 10:57:22', '2026-03-06 10:57:22', '2026-03-05 13:16:55', NULL, 0, 'U003'),
('T000227', 'C00092', 'O000133', '订单 O000133 物流信息未更新', '客户服务套餐将于 8 天后到期，咨询续费折扣政策及是否支持按月付费。', 'billing', 'medium', 'in_progress', '客户孙秀英反馈billing问题，优先级medium。', '2026-03-09 14:09:38', '2026-03-09 14:09:38', '2026-03-10 14:09:38', '2026-03-09 16:46:22', NULL, 0, 'U003'),
('T000228', 'C00093', 'O000107', '账户余额异常，无法完成支付', '客户对账时发现本月账单总额比实际消费高出 ¥65.05，要求提供详细消费明细和差异说明。', 'general', 'medium', 'resolved', '客户孙勇反馈general问题，优先级medium。', '2026-02-26 03:46:44', '2026-02-26 03:46:44', '2026-02-27 03:46:44', '2026-02-26 04:23:09', '2026-02-26 23:00:32', 0, 'U001'),
('T000229', 'C00077', NULL, '数据同步延迟，订单状态未更新', '客户公司法人变更，需更新合同主体信息及发票抬头，要求提供变更流程和所需材料。', 'billing', 'medium', 'in_progress', '客户高丽反馈billing问题，优先级medium。', '2026-04-24 09:30:49', '2026-04-24 09:30:49', '2026-04-25 09:30:49', '2026-04-24 12:23:33', NULL, 0, 'U001'),
('T000230', 'C00055', 'O000166', '批量导入数据失败，报错信息不明确', '客户服务套餐将于 15 天后到期，咨询续费折扣政策及是否支持按月付费。', 'technical', 'medium', 'resolved', '客户王洋反馈technical问题，优先级medium。', '2026-04-08 23:50:57', '2026-04-08 23:50:57', '2026-04-09 23:50:57', '2026-04-09 01:47:46', '2026-04-09 14:15:26', 0, 'U003'),
('T000231', 'C00037', NULL, '账户余额异常，无法完成支付', '客户账户在 21日12时 被重复扣款两次，金额分别为 ¥987.47 和 ¥871.34，订单号相同。客户要求立即退还多扣款项并给出解释。', 'general', 'medium', 'open', NULL, '2026-04-24 16:50:40', '2026-04-24 16:50:40', '2026-04-25 16:50:40', NULL, NULL, 0, NULL),
('T000232', 'C00082', NULL, '订单 N/A 物流信息未更新', '客户申请开通''批量导出''和''自定义报表''功能，需主管审批后开通权限。', 'account', 'low', 'open', NULL, '2026-04-09 10:04:51', '2026-04-09 10:04:51', '2026-04-11 10:04:51', NULL, NULL, 0, NULL),
('T000233', 'C00095', 'O000444', '订单 O000444 退款进度查询', '客户反馈订单已签收 3 天，但系统物流信息仍停留在''运输中''状态，要求更新。', 'billing', 'medium', 'in_progress', '客户马明反馈billing问题，优先级medium。', '2026-05-18 10:03:09', '2026-05-18 10:03:09', '2026-05-19 10:03:09', '2026-05-18 12:37:01', NULL, 0, 'U001'),
('T000234', 'C00015', NULL, '订单 N/A 支付失败，请协助处理', '客户公司法人变更，需更新合同主体信息及发票抬头，要求提供变更流程和所需材料。', 'billing', 'urgent', 'in_progress', '客户王明反馈billing问题，优先级urgent。', '2026-03-28 04:44:05', '2026-03-28 04:44:05', '2026-03-28 08:44:05', '2026-03-28 05:21:05', NULL, 0, 'U001'),
('T000235', 'C00014', NULL, '系统登录异常，提示账号被锁定', '客户对账时发现本月账单总额比实际消费高出 ¥333.28，要求提供详细消费明细和差异说明。', 'billing', 'high', 'open', NULL, '2026-03-07 22:33:43', '2026-03-07 22:33:43', '2026-03-08 06:33:43', NULL, NULL, 0, NULL),
('T000236', 'C00021', 'O000435', '发票开具申请 - 订单 O000435', '客户尝试下载本月对账单时页面报错''文件生成失败''，已尝试多次均无法成功。', 'account', 'low', 'open', NULL, '2026-03-03 17:13:59', '2026-03-03 17:13:59', '2026-03-05 17:13:59', NULL, NULL, 0, NULL),
('T000237', 'C00099', NULL, '发票开具申请 - 订单 N/A', '客户于 12 天前提交退款申请，至今未到账。多次催促无果，情绪激动，威胁投诉至消费者协会。', 'billing', 'medium', 'open', NULL, '2026-05-20 11:02:49', '2026-05-20 11:02:49', '2026-05-21 11:02:49', NULL, NULL, 0, NULL),
('T000238', 'C00022', 'O000127', '系统登录异常，提示账号被锁定', '客户报告账户余额显示为负数，但近期无大额消费记录。怀疑系统计算错误，需财务和技术联合核查。', 'general', 'medium', 'resolved', '客户孙军反馈general问题，优先级medium。', '2026-05-08 10:30:41', '2026-05-08 10:30:41', '2026-05-09 10:30:41', '2026-05-08 13:39:43', '2026-05-08 19:02:50', 0, 'U003'),
('T000239', 'C00082', 'O000334', '权限申请 - 需要开通高级功能', '客户对账时发现本月账单总额比实际消费高出 ¥163.84，要求提供详细消费明细和差异说明。', 'billing', 'medium', 'in_progress', '客户杨杰反馈billing问题，优先级medium。', '2026-04-07 22:14:12', '2026-04-07 22:14:12', '2026-04-08 22:14:12', '2026-04-08 01:55:36', NULL, 0, 'U003'),
('T000240', 'C00016', 'O000481', '账单金额与实际不符，需核对', '客户反馈使用正确账号密码登录时提示''账号已被锁定，请联系管理员''，但未收到任何安全警告邮件。', 'billing', 'medium', 'resolved', '客户罗磊反馈billing问题，优先级medium。', '2026-04-11 17:00:54', '2026-04-11 17:00:54', '2026-04-12 17:00:54', '2026-04-11 20:54:55', '2026-04-12 04:06:14', 0, 'U001'),
('T000241', 'C00056', NULL, '系统登录异常，提示账号被锁定', '客户对账时发现本月账单总额比实际消费高出 ¥171.65，要求提供详细消费明细和差异说明。', 'technical', 'urgent', 'in_progress', '客户孙洋反馈technical问题，优先级urgent。', '2026-04-10 12:01:03', '2026-04-10 12:01:03', '2026-04-10 16:01:03', '2026-04-10 15:44:27', NULL, 0, 'U001'),
('T000242', 'C00001', 'O000297', '客户信息修改申请', '企业客户要求开具增值税专用发票，抬头：上海卓越信息技术公司，税号：9111000028257630，订单金额 ¥859.06。', 'billing', 'medium', 'resolved', '客户高涛反馈billing问题，优先级medium。', '2026-02-27 15:00:15', '2026-02-27 15:00:15', '2026-02-28 15:00:15', '2026-02-27 16:01:12', '2026-02-28 08:21:07', 1, 'U003'),
('T000243', 'C00038', 'O000126', '订单 O000126 物流信息未更新', '客户对账时发现本月账单总额比实际消费高出 ¥364.86，要求提供详细消费明细和差异说明。', 'technical', 'high', 'open', NULL, '2026-03-30 09:39:09', '2026-03-30 09:39:09', '2026-03-30 17:39:09', NULL, NULL, 0, NULL),
('T000244', 'C00041', NULL, '发票开具申请 - 订单 N/A', '客户反馈订单已签收 3 天，但系统物流信息仍停留在''运输中''状态，要求更新。', 'account', 'high', 'in_progress', '客户何勇反馈account问题，优先级high。', '2026-04-13 12:02:35', '2026-04-13 12:02:35', '2026-04-13 20:02:35', '2026-04-13 13:30:54', NULL, 0, 'U002'),
('T000245', 'C00017', 'O000281', '对账单下载功能异常', '客户账户在 17日13时 被重复扣款两次，金额分别为 ¥730.24 和 ¥157.68，订单号相同。客户要求立即退还多扣款项并给出解释。', 'account', 'medium', 'closed', '客户罗杰反馈account问题，优先级medium。', '2026-04-21 15:08:56', '2026-04-21 15:08:56', '2026-04-22 15:08:56', '2026-04-21 17:21:58', '2026-04-21 20:39:00', 0, 'U002'),
('T000246', 'C00045', NULL, '账户余额异常，无法完成支付', '客户尝试下载本月对账单时页面报错''文件生成失败''，已尝试多次均无法成功。', 'account', 'low', 'open', NULL, '2026-02-25 17:51:27', '2026-02-25 17:51:27', '2026-02-27 17:51:27', NULL, NULL, 0, NULL),
('T000247', 'C00021', NULL, 'API 调用频繁超时，影响业务', '客户服务套餐将于 14 天后到期，咨询续费折扣政策及是否支持按月付费。', 'account', 'medium', 'open', NULL, '2026-05-15 15:12:20', '2026-05-15 15:12:20', '2026-05-16 15:12:20', NULL, NULL, 0, NULL),
('T000248', 'C00018', NULL, '对账单下载功能异常', '订单在上游系统已标记为''已发货''，但下游 CRM 系统仍显示''待处理''，数据同步延迟超过 2 小时。', 'account', 'medium', 'open', NULL, '2026-04-30 10:16:28', '2026-04-30 10:16:28', '2026-05-01 10:16:28', NULL, NULL, 0, NULL),
('T000249', 'C00060', 'O000057', '发票开具申请 - 订单 O000057', '客户反馈使用正确账号密码登录时提示''账号已被锁定，请联系管理员''，但未收到任何安全警告邮件。', 'account', 'medium', 'open', NULL, '2026-04-16 16:57:17', '2026-04-16 16:57:17', '2026-04-17 16:57:17', NULL, NULL, 0, NULL),
('T000250', 'C00097', NULL, '重复扣费问题，订单号 N/A', '客户反馈在支付环节点击确认后页面无响应，已尝试更换浏览器和网络环境，问题依旧。请技术团队排查支付网关日志。', 'billing', 'medium', 'in_progress', '客户黄娟反馈billing问题，优先级medium。', '2026-05-03 18:26:41', '2026-05-03 18:26:41', '2026-05-04 18:26:41', '2026-05-03 22:14:26', NULL, 0, 'U001'),
('T000251', 'C00046', 'O000248', '重复扣费问题，订单号 O000248', '企业客户要求开具增值税专用发票，抬头：大连金石云计算公司，税号：9111000046363540，订单金额 ¥2267.31。', 'general', 'medium', 'resolved', '客户吴伟反馈general问题，优先级medium。', '2026-05-23 10:19:43', '2026-05-23 10:19:43', '2026-05-24 10:19:43', '2026-05-23 13:41:41', '2026-05-24 05:58:56', 0, 'U002'),
('T000252', 'C00053', NULL, '对账单下载功能异常', '客户公司法人变更，需更新合同主体信息及发票抬头，要求提供变更流程和所需材料。', 'technical', 'low', 'open', NULL, '2026-05-22 22:41:58', '2026-05-22 22:41:58', '2026-05-24 22:41:58', NULL, NULL, 0, NULL),
('T000253', 'C00078', 'O000299', '重复扣费问题，订单号 O000299', '企业客户要求开具增值税专用发票，抬头：厦门博雅智能科技公司，税号：9111000070776726，订单金额 ¥1002.01。', 'billing', 'medium', 'resolved', '客户罗明反馈billing问题，优先级medium。', '2026-05-09 10:28:18', '2026-05-09 10:28:18', '2026-05-10 10:28:18', '2026-05-09 12:20:40', '2026-05-10 09:52:14', 0, 'U002'),
('T000254', 'C00074', 'O000469', 'API 调用频繁超时，影响业务', '订单在上游系统已标记为''已发货''，但下游 CRM 系统仍显示''待处理''，数据同步延迟超过 2 小时。', 'general', 'low', 'resolved', '客户黄静反馈general问题，优先级low。', '2026-04-23 13:45:39', '2026-04-23 13:45:39', '2026-04-25 13:45:39', '2026-04-23 17:44:10', '2026-04-24 05:57:31', 1, 'U003'),
('T000255', 'C00097', 'O000160', '权限申请 - 需要开通高级功能', '客户对账时发现本月账单总额比实际消费高出 ¥438.21，要求提供详细消费明细和差异说明。', 'billing', 'medium', 'resolved', '客户黄娟反馈billing问题，优先级medium。', '2026-03-03 11:27:52', '2026-03-03 11:27:52', '2026-03-04 11:27:52', '2026-03-03 12:58:41', '2026-03-03 18:23:18', 0, 'U001'),
('T000256', 'C00056', 'O000398', '账单金额与实际不符，需核对', '客户对账时发现本月账单总额比实际消费高出 ¥432.21，要求提供详细消费明细和差异说明。', 'general', 'high', 'open', NULL, '2026-04-01 11:32:42', '2026-04-01 11:32:42', '2026-04-01 19:32:42', NULL, NULL, 0, NULL),
('T000257', 'C00024', 'O000492', '发票开具申请 - 订单 O000492', '客户公司法人变更，需更新合同主体信息及发票抬头，要求提供变更流程和所需材料。', 'billing', 'low', 'open', NULL, '2026-05-04 14:16:14', '2026-05-04 14:16:14', '2026-05-06 14:16:14', NULL, NULL, 0, NULL),
('T000258', 'C00072', 'O000057', 'API 调用频繁超时，影响业务', '使用批量导入功能上传 Excel 文件后提示''第 47 行数据格式错误''，但未说明具体哪个字段有问题，客户无法定位。', 'general', 'medium', 'closed', '客户孙伟反馈general问题，优先级medium。', '2026-04-04 16:37:40', '2026-04-04 16:37:40', '2026-04-05 16:37:40', '2026-04-04 17:59:29', '2026-04-05 01:54:27', 1, 'U002'),
('T000259', 'C00048', 'O000295', '对账单下载功能异常', '客户反馈订单已签收 3 天，但系统物流信息仍停留在''运输中''状态，要求更新。', 'account', 'medium', 'resolved', '客户张霞反馈account问题，优先级medium。', '2026-05-14 10:37:25', '2026-05-14 10:37:25', '2026-05-15 10:37:25', '2026-05-14 11:16:25', '2026-05-15 09:32:25', 0, 'U001'),
('T000260', 'C00044', 'O000366', '订单 O000366 退款进度查询', '客户反馈订单已签收 3 天，但系统物流信息仍停留在''运输中''状态，要求更新。', 'general', 'low', 'open', NULL, '2026-05-05 12:28:29', '2026-05-05 12:28:29', '2026-05-07 12:28:29', NULL, NULL, 0, NULL),
('T000261', 'C00085', 'O000105', '发票开具申请 - 订单 O000105', '业务高峰期（每日 10:00-11:00）API 响应时间超过 5 秒，导致订单创建失败率上升至 15%，严重影响客户体验。', 'technical', 'low', 'open', NULL, '2026-04-01 13:34:08', '2026-04-01 13:34:08', '2026-04-03 13:34:08', NULL, NULL, 0, NULL),
('T000262', 'C00069', NULL, '账单金额与实际不符，需核对', '客户报告账户余额显示为负数，但近期无大额消费记录。怀疑系统计算错误，需财务和技术联合核查。', 'technical', 'medium', 'open', NULL, '2026-05-23 17:30:33', '2026-05-23 17:30:33', '2026-05-24 17:30:33', NULL, NULL, 0, NULL),
('T000263', 'C00081', NULL, '发票开具申请 - 订单 N/A', '客户账户在 13日10时 被重复扣款两次，金额分别为 ¥344.78 和 ¥322.24，订单号相同。客户要求立即退还多扣款项并给出解释。', 'technical', 'high', 'in_progress', '客户刘磊反馈technical问题，优先级high。', '2026-05-11 17:51:49', '2026-05-11 17:51:49', '2026-05-12 01:51:49', '2026-05-11 21:23:27', NULL, 0, 'U001'),
('T000264', 'C00090', 'O000380', '对账单下载功能异常', '订单在上游系统已标记为''已发货''，但下游 CRM 系统仍显示''待处理''，数据同步延迟超过 2 小时。', 'billing', 'low', 'in_progress', '客户马芳反馈billing问题，优先级low。', '2026-03-23 12:34:35', '2026-03-23 12:34:35', '2026-03-25 12:34:35', '2026-03-23 15:07:28', NULL, 0, 'U001'),
('T000265', 'C00063', 'O000095', '发票开具申请 - 订单 O000095', '企业客户要求开具增值税专用发票，抬头：苏州瑞达网络科技公司，税号：9111000031980602，订单金额 ¥3772.96。', 'billing', 'low', 'open', NULL, '2026-04-02 15:18:44', '2026-04-02 15:18:44', '2026-04-04 15:18:44', NULL, NULL, 0, NULL),
('T000266', 'C00066', 'O000193', '批量导入数据失败，报错信息不明确', '客户账户在 17日16时 被重复扣款两次，金额分别为 ¥750.65 和 ¥250.33，订单号相同。客户要求立即退还多扣款项并给出解释。', 'account', 'medium', 'open', NULL, '2026-04-27 21:11:29', '2026-04-27 21:11:29', '2026-04-28 21:11:29', NULL, NULL, 0, NULL),
('T000267', 'C00013', 'O000401', '权限申请 - 需要开通高级功能', '客户反馈订单已签收 3 天，但系统物流信息仍停留在''运输中''状态，要求更新。', 'general', 'low', 'closed', '客户陈丽反馈general问题，优先级low。', '2026-05-08 10:01:37', '2026-05-08 10:01:37', '2026-05-10 10:01:37', '2026-05-08 12:29:42', '2026-05-09 06:23:00', 0, 'U001'),
('T000268', 'C00094', 'O000327', '订单 O000327 物流信息未更新', '客户反馈订单已签收 3 天，但系统物流信息仍停留在''运输中''状态，要求更新。', 'technical', 'low', 'open', NULL, '2026-03-31 17:32:49', '2026-03-31 17:32:49', '2026-04-02 17:32:49', NULL, NULL, 0, NULL),
('T000269', 'C00080', 'O000330', '对账单下载功能异常', '客户反馈在支付环节点击确认后页面无响应，已尝试更换浏览器和网络环境，问题依旧。请技术团队排查支付网关日志。', 'account', 'medium', 'resolved', '客户赵霞反馈account问题，优先级medium。', '2026-03-11 11:30:02', '2026-03-11 11:30:02', '2026-03-12 11:30:02', '2026-03-11 15:26:38', '2026-03-12 14:39:02', 0, 'U003'),
('T000270', 'C00046', 'O000446', '账单金额与实际不符，需核对', '客户服务套餐将于 9 天后到期，咨询续费折扣政策及是否支持按月付费。', 'technical', 'high', 'in_progress', '客户吴伟反馈technical问题，优先级high。', '2026-05-24 10:00:52', '2026-05-24 10:00:52', '2026-05-24 18:00:52', '2026-05-24 13:34:11', NULL, 0, 'U001'),
('T000271', 'C00091', NULL, '账单金额与实际不符，需核对', '使用批量导入功能上传 Excel 文件后提示''第 47 行数据格式错误''，但未说明具体哪个字段有问题，客户无法定位。', 'billing', 'urgent', 'open', NULL, '2026-03-24 19:51:58', '2026-03-24 19:51:58', '2026-03-24 23:51:58', NULL, NULL, 0, NULL),
('T000272', 'C00054', 'O000335', 'API 调用频繁超时，影响业务', '企业客户要求开具增值税专用发票，抬头：上海博雅网络科技公司，税号：9111000092277515，订单金额 ¥4631.76。', 'account', 'high', 'in_progress', '客户李娟反馈account问题，优先级high。', '2026-04-07 11:12:11', '2026-04-07 11:12:11', '2026-04-07 19:12:11', '2026-04-07 12:16:25', NULL, 0, 'U002'),
('T000273', 'C00099', 'O000148', '批量导入数据失败，报错信息不明确', '客户服务套餐将于 13 天后到期，咨询续费折扣政策及是否支持按月付费。', 'technical', 'low', 'resolved', '客户李芳反馈technical问题，优先级low。', '2026-04-10 02:35:51', '2026-04-10 02:35:51', '2026-04-12 02:35:51', '2026-04-10 05:26:32', '2026-04-10 07:54:49', 0, 'U003'),
('T000274', 'C00047', NULL, '账单金额与实际不符，需核对', '客户报告账户余额显示为负数，但近期无大额消费记录。怀疑系统计算错误，需财务和技术联合核查。', 'account', 'high', 'resolved', '客户林静反馈account问题，优先级high。', '2026-05-18 13:35:17', '2026-05-18 13:35:17', '2026-05-18 21:35:17', '2026-05-18 15:32:31', '2026-05-19 01:16:00', 0, 'U001'),
('T000275', 'C00077', 'O000056', '订单 O000056 物流信息未更新', '客户对账时发现本月账单总额比实际消费高出 ¥230.36，要求提供详细消费明细和差异说明。', 'account', 'medium', 'resolved', '客户高丽反馈account问题，优先级medium。', '2026-04-08 15:41:00', '2026-04-08 15:41:00', '2026-04-09 15:41:00', '2026-04-08 18:40:05', '2026-04-09 02:24:29', 0, 'U003'),
('T000276', 'C00020', 'O000118', '订单 O000118 退款进度查询', '客户公司法人变更，需更新合同主体信息及发票抬头，要求提供变更流程和所需材料。', 'billing', 'high', 'resolved', '客户朱明反馈billing问题，优先级high。', '2026-03-12 16:34:51', '2026-03-12 16:34:51', '2026-03-13 00:34:51', '2026-03-12 18:07:43', '2026-03-13 17:14:30', 0, 'U003'),
('T000277', 'C00038', 'O000433', '订单 O000433 物流信息未更新', '客户尝试下载本月对账单时页面报错''文件生成失败''，已尝试多次均无法成功。', 'billing', 'low', 'open', NULL, '2026-04-22 16:02:44', '2026-04-22 16:02:44', '2026-04-24 16:02:44', NULL, NULL, 0, NULL),
('T000278', 'C00076', 'O000481', '数据同步延迟，订单状态未更新', '客户申请开通''批量导出''和''自定义报表''功能，需主管审批后开通权限。', 'technical', 'high', 'closed', '客户马涛反馈technical问题，优先级high。', '2026-03-06 15:34:07', '2026-03-06 15:34:07', '2026-03-06 23:34:07', '2026-03-06 16:50:11', '2026-03-07 13:10:25', 1, 'U001'),
('T000279', 'C00020', NULL, '重复扣费问题，订单号 N/A', '业务高峰期（每日 10:00-11:00）API 响应时间超过 5 秒，导致订单创建失败率上升至 15%，严重影响客户体验。', 'billing', 'medium', 'resolved', '客户朱明反馈billing问题，优先级medium。', '2026-05-14 09:01:31', '2026-05-14 09:01:31', '2026-05-15 09:01:31', '2026-05-14 12:58:52', '2026-05-14 15:10:31', 0, 'U003'),
('T000280', 'C00088', 'O000334', '批量导入数据失败，报错信息不明确', '订单在上游系统已标记为''已发货''，但下游 CRM 系统仍显示''待处理''，数据同步延迟超过 2 小时。', 'general', 'medium', 'resolved', '客户黄伟反馈general问题，优先级medium。', '2026-04-07 09:29:05', '2026-04-07 09:29:05', '2026-04-08 09:29:05', '2026-04-07 13:20:34', '2026-04-08 12:28:17', 0, 'U003'),
('T000281', 'C00040', NULL, '发票开具申请 - 订单 N/A', '客户公司法人变更，需更新合同主体信息及发票抬头，要求提供变更流程和所需材料。', 'billing', 'high', 'in_progress', '客户陈涛反馈billing问题，优先级high。', '2026-05-14 13:01:51', '2026-05-14 13:01:51', '2026-05-14 21:01:51', '2026-05-14 15:24:46', NULL, 0, 'U002'),
('T000282', 'C00074', NULL, '账单金额与实际不符，需核对', '客户反馈使用正确账号密码登录时提示''账号已被锁定，请联系管理员''，但未收到任何安全警告邮件。', 'general', 'medium', 'in_progress', '客户黄静反馈general问题，优先级medium。', '2026-04-10 16:09:32', '2026-04-10 16:09:32', '2026-04-11 16:09:32', '2026-04-10 17:51:54', NULL, 0, 'U002'),
('T000283', 'C00041', 'O000279', '账单金额与实际不符，需核对', '客户反馈使用正确账号密码登录时提示''账号已被锁定，请联系管理员''，但未收到任何安全警告邮件。', 'billing', 'high', 'in_progress', '客户何勇反馈billing问题，优先级high。', '2026-04-22 10:50:47', '2026-04-22 10:50:47', '2026-04-22 18:50:47', '2026-04-22 12:18:42', NULL, 0, 'U001'),
('T000284', 'C00095', NULL, '系统登录异常，提示账号被锁定', '客户申请开通''批量导出''和''自定义报表''功能，需主管审批后开通权限。', 'technical', 'high', 'resolved', '客户马明反馈technical问题，优先级high。', '2026-04-24 11:48:36', '2026-04-24 11:48:36', '2026-04-24 19:48:36', '2026-04-24 15:21:33', '2026-04-25 10:05:00', 0, 'U003'),
('T000285', 'C00032', 'O000410', '权限申请 - 需要开通高级功能', '客户于 3 天前提交退款申请，至今未到账。多次催促无果，情绪激动，威胁投诉至消费者协会。', 'general', 'medium', 'in_progress', '客户孙秀英反馈general问题，优先级medium。', '2026-04-22 12:17:44', '2026-04-22 12:17:44', '2026-04-23 12:17:44', '2026-04-22 14:59:06', NULL, 0, 'U002'),
('T000286', 'C00075', 'O000185', '服务到期续费问题咨询', '客户于 11 天前提交退款申请，至今未到账。多次催促无果，情绪激动，威胁投诉至消费者协会。', 'general', 'medium', 'resolved', '客户李娟反馈general问题，优先级medium。', '2026-05-14 10:03:58', '2026-05-14 10:03:58', '2026-05-15 10:03:58', '2026-05-14 11:15:29', '2026-05-15 00:30:27', 0, 'U003'),
('T000287', 'C00036', 'O000457', '订单 O000457 退款进度查询', '客户反馈使用正确账号密码登录时提示''账号已被锁定，请联系管理员''，但未收到任何安全警告邮件。', 'account', 'medium', 'open', NULL, '2026-04-23 09:45:24', '2026-04-23 09:45:24', '2026-04-24 09:45:24', NULL, NULL, 0, NULL),
('T000288', 'C00068', NULL, '批量导入数据失败，报错信息不明确', '企业客户要求开具增值税专用发票，抬头：西安恒通咨询服务公司，税号：9111000022487057，订单金额 ¥2510.25。', 'general', 'medium', 'open', NULL, '2026-05-04 12:44:18', '2026-05-04 12:44:18', '2026-05-05 12:44:18', NULL, NULL, 0, NULL),
('T000289', 'C00045', 'O000258', '订单 O000258 支付失败，请协助处理', '客户反馈订单已签收 3 天，但系统物流信息仍停留在''运输中''状态，要求更新。', 'general', 'low', 'resolved', '客户王静反馈general问题，优先级low。', '2026-03-23 05:27:57', '2026-03-23 05:27:57', '2026-03-25 05:27:57', '2026-03-23 07:38:47', '2026-03-23 14:27:18', 0, 'U001'),
('T000290', 'C00073', 'O000018', '订单 O000018 物流信息未更新', '订单在上游系统已标记为''已发货''，但下游 CRM 系统仍显示''待处理''，数据同步延迟超过 2 小时。', 'account', 'medium', 'in_progress', '客户赵杰反馈account问题，优先级medium。', '2026-04-12 12:33:30', '2026-04-12 12:33:30', '2026-04-13 12:33:30', '2026-04-12 16:33:10', NULL, 0, 'U001'),
('T000291', 'C00078', NULL, '账单金额与实际不符，需核对', '客户申请开通''批量导出''和''自定义报表''功能，需主管审批后开通权限。', 'general', 'low', 'in_progress', '客户罗明反馈general问题，优先级low。', '2026-04-28 11:26:48', '2026-04-28 11:26:48', '2026-04-30 11:26:48', '2026-04-28 14:31:09', NULL, 0, 'U001'),
('T000292', 'C00032', 'O000461', '重复扣费问题，订单号 O000461', '客户对账时发现本月账单总额比实际消费高出 ¥71.96，要求提供详细消费明细和差异说明。', 'account', 'medium', 'in_progress', '客户孙秀英反馈account问题，优先级medium。', '2026-04-15 14:12:05', '2026-04-15 14:12:05', '2026-04-16 14:12:05', '2026-04-15 17:13:49', NULL, 0, 'U002'),
('T000293', 'C00100', NULL, '账单金额与实际不符，需核对', '订单在上游系统已标记为''已发货''，但下游 CRM 系统仍显示''待处理''，数据同步延迟超过 2 小时。', 'technical', 'low', 'resolved', '客户林秀英反馈technical问题，优先级low。', '2026-03-06 15:44:56', '2026-03-06 15:44:56', '2026-03-08 15:44:56', '2026-03-06 16:42:46', '2026-03-07 04:49:46', 0, 'U003'),
('T000294', 'C00025', 'O000236', '系统登录异常，提示账号被锁定', '客户账户在 14日15时 被重复扣款两次，金额分别为 ¥131.58 和 ¥523.24，订单号相同。客户要求立即退还多扣款项并给出解释。', 'general', 'medium', 'resolved', '客户徐伟反馈general问题，优先级medium。', '2026-04-28 21:06:36', '2026-04-28 21:06:36', '2026-04-29 21:06:36', '2026-04-29 00:23:47', '2026-04-29 04:43:53', 0, 'U001'),
('T000295', 'C00071', 'O000418', '系统登录异常，提示账号被锁定', '使用批量导入功能上传 Excel 文件后提示''第 47 行数据格式错误''，但未说明具体哪个字段有问题，客户无法定位。', 'technical', 'low', 'open', NULL, '2026-03-26 14:49:36', '2026-03-26 14:49:36', '2026-03-28 14:49:36', NULL, NULL, 0, NULL),
('T000296', 'C00092', NULL, '账户余额异常，无法完成支付', '订单在上游系统已标记为''已发货''，但下游 CRM 系统仍显示''待处理''，数据同步延迟超过 2 小时。', 'billing', 'high', 'closed', '客户孙秀英反馈billing问题，优先级high。', '2026-03-11 10:41:54', '2026-03-11 10:41:54', '2026-03-11 18:41:54', '2026-03-11 13:13:08', '2026-03-11 16:18:04', 0, 'U003'),
('T000297', 'C00023', 'O000186', '批量导入数据失败，报错信息不明确', '客户账户在 22日11时 被重复扣款两次，金额分别为 ¥492.0 和 ¥469.9，订单号相同。客户要求立即退还多扣款项并给出解释。', 'account', 'high', 'in_progress', '客户赵强反馈account问题，优先级high。', '2026-05-23 14:05:19', '2026-05-23 14:05:19', '2026-05-23 22:05:19', '2026-05-23 14:36:15', NULL, 0, 'U003'),
('T000298', 'C00016', NULL, '对账单下载功能异常', '客户反馈在支付环节点击确认后页面无响应，已尝试更换浏览器和网络环境，问题依旧。请技术团队排查支付网关日志。', 'technical', 'low', 'open', NULL, '2026-03-09 09:14:36', '2026-03-09 09:14:36', '2026-03-11 09:14:36', NULL, NULL, 0, NULL),
('T000299', 'C00099', 'O000374', '账单金额与实际不符，需核对', '客户服务套餐将于 3 天后到期，咨询续费折扣政策及是否支持按月付费。', 'technical', 'low', 'in_progress', '客户李芳反馈technical问题，优先级low。', '2026-02-28 11:42:23', '2026-02-28 11:42:23', '2026-03-02 11:42:23', '2026-02-28 14:55:05', NULL, 0, 'U001'),
('T000300', 'C00094', 'O000256', '订单 O000256 支付失败，请协助处理', '客户报告账户余额显示为负数，但近期无大额消费记录。怀疑系统计算错误，需财务和技术联合核查。', 'technical', 'low', 'in_progress', '客户李丽反馈technical问题，优先级low。', '2026-04-30 13:08:09', '2026-04-30 13:08:09', '2026-05-02 13:08:09', '2026-04-30 16:48:50', NULL, 0, 'U001');

-- ============================================================
-- 插入 150 条审批数据
-- ============================================================
INSERT INTO business.approvals (approval_id, customer_id, order_id, amount, reason, status, created_at, updated_at, sla_deadline, approval_level, risk_score) VALUES
('A000001', 'C00041', 'O000372', 253.86, '客户升级服务套餐，申请补差价优惠 ¥253.86', 'pending', '2026-03-23 16:18:52', '2026-03-23 16:18:52', '2026-03-25 16:18:52', 1, 17.34),
('A000002', 'C00081', 'O000394', 68.87, '客户账户异常冻结，申请解冻并补偿损失 ¥68.87', 'pending', '2026-05-02 14:18:59', '2026-05-02 14:18:59', '2026-05-04 14:18:59', 1, 12.7),
('A000003', 'C00014', 'O000249', 3481.22, '客户升级服务套餐，申请补差价优惠 ¥3481.22', 'pending', '2026-05-15 20:18:44', '2026-05-15 20:18:44', '2026-05-17 20:18:44', 3, 60.08),
('A000004', 'C00076', 'O000158', 407.86, '合同提前终止，客户要求按比例退还剩余服务费 ¥407.86', 'approved', '2026-05-01 18:27:24', '2026-05-01 18:27:24', '2026-05-03 18:27:24', 1, 16.09),
('A000005', 'C00020', 'O000230', 441.78, '合同提前终止，客户要求按比例退还剩余服务费 ¥441.78', 'approved', '2026-05-13 13:15:39', '2026-05-13 13:15:39', '2026-05-15 13:15:39', 1, 25.82),
('A000006', 'C00034', 'O000497', 81.99, '客户取消订单 O000497，申请退款 ¥81.99（已扣除手续费）', 'pending', '2026-05-07 23:29:59', '2026-05-07 23:29:59', '2026-05-09 23:29:59', 1, 27.66),
('A000007', 'C00048', 'O000294', 479.51, '合同提前终止，客户要求按比例退还剩余服务费 ¥479.51', 'pending', '2026-03-17 11:04:14', '2026-03-17 11:04:14', '2026-03-19 11:04:14', 1, 11.54),
('A000008', 'C00042', 'O000384', 346.57, '批量采购订单，客户申请企业折扣，总金额 ¥346.57', 'approved', '2026-05-02 17:49:05', '2026-05-02 17:49:05', '2026-05-04 17:49:05', 1, 29.48),
('A000009', 'C00079', 'O000185', 2873.18, '批量采购订单，客户申请企业折扣，总金额 ¥2873.18', 'approved', '2026-03-11 14:35:23', '2026-03-11 14:35:23', '2026-03-13 14:35:23', 3, 60.36),
('A000010', 'C00070', 'O000391', 367.83, 'VIP 客户申请特殊折扣，订单金额 ¥367.83，申请优惠 15%', 'approved', '2026-05-09 15:44:26', '2026-05-09 15:44:26', '2026-05-11 15:44:26', 1, 17.5),
('A000011', 'C00020', 'O000442', 1820.67, 'VIP 客户申请特殊折扣，订单金额 ¥1820.67，申请优惠 15%', 'approved', '2026-03-25 10:54:10', '2026-03-25 10:54:10', '2026-03-27 10:54:10', 2, 35.1),
('A000012', 'C00028', 'O000154', 214.42, '客户升级服务套餐，申请补差价优惠 ¥214.42', 'approved', '2026-04-27 06:49:41', '2026-04-27 06:49:41', '2026-04-29 06:49:41', 1, 27.19),
('A000013', 'C00007', 'O000270', 1604.25, '批量采购订单，客户申请企业折扣，总金额 ¥1604.25', 'pending', '2026-04-14 09:53:16', '2026-04-14 09:53:16', '2026-04-16 09:53:16', 2, 54.55),
('A000014', 'C00088', 'O000395', 653.06, '批量采购订单，客户申请企业折扣，总金额 ¥653.06', 'approved', '2026-05-03 10:01:36', '2026-05-03 10:01:36', '2026-05-05 10:01:36', 2, 36.84),
('A000015', 'C00072', 'O000390', 52.4, '客户升级服务套餐，申请补差价优惠 ¥52.4', 'pending', '2026-03-03 21:59:17', '2026-03-03 21:59:17', '2026-03-05 21:59:17', 1, 23.27),
('A000016', 'C00016', 'O000082', 668.42, '客户取消订单 O000082，申请退款 ¥668.42（已扣除手续费）', 'approved', '2026-05-03 17:01:33', '2026-05-03 17:01:33', '2026-05-05 17:01:33', 2, 38.74),
('A000017', 'C00100', 'O000154', 243.66, 'VIP 客户申请特殊折扣，订单金额 ¥243.66，申请优惠 15%', 'approved', '2026-05-06 09:05:43', '2026-05-06 09:05:43', '2026-05-08 09:05:43', 1, 20.26),
('A000018', 'C00076', 'O000307', 106.03, '客户投诉订单 O000307 商品质量问题，要求全额退款', 'cancelled', '2026-03-27 07:39:34', '2026-03-27 07:39:34', '2026-03-29 07:39:34', 1, 10.71),
('A000019', 'C00062', 'O000002', 88.3, '客户升级服务套餐，申请补差价优惠 ¥88.3', 'pending', '2026-05-01 14:47:10', '2026-05-01 14:47:10', '2026-05-03 14:47:10', 1, 13.34),
('A000020', 'C00012', 'O000192', 127.05, '批量采购订单，客户申请企业折扣，总金额 ¥127.05', 'pending', '2026-04-22 16:25:52', '2026-04-22 16:25:52', '2026-04-24 16:25:52', 1, 17.19),
('A000021', 'C00078', 'O000178', 324.15, '客户取消订单 O000178，申请退款 ¥324.15（已扣除手续费）', 'approved', '2026-05-22 15:32:42', '2026-05-22 15:32:42', '2026-05-24 15:32:42', 1, 15.81),
('A000022', 'C00093', 'O000060', 1231.57, '系统故障导致重复扣费，客户要求退还多扣金额 ¥1231.57', 'rejected', '2026-03-05 19:32:02', '2026-03-05 19:32:02', '2026-03-07 19:32:02', 2, 32.25),
('A000023', 'C00020', 'O000357', 1658.33, '客户投诉订单 O000357 商品质量问题，要求全额退款', 'approved', '2026-04-08 01:56:49', '2026-04-08 01:56:49', '2026-04-10 01:56:49', 2, 31.56),
('A000024', 'C00008', 'O000428', 182.77, '批量采购订单，客户申请企业折扣，总金额 ¥182.77', 'pending', '2026-04-17 17:10:31', '2026-04-17 17:10:31', '2026-04-19 17:10:31', 1, 24.95),
('A000025', 'C00002', 'O000060', 322.65, '系统故障导致重复扣费，客户要求退还多扣金额 ¥322.65', 'approved', '2026-03-24 17:20:06', '2026-03-24 17:20:06', '2026-03-26 17:20:06', 1, 23.19),
('A000026', 'C00018', 'O000253', 472.47, '系统故障导致重复扣费，客户要求退还多扣金额 ¥472.47', 'approved', '2026-02-25 20:03:32', '2026-02-25 20:03:32', '2026-02-27 20:03:32', 1, 20.78),
('A000027', 'C00037', 'O000250', 428.62, '客户投诉订单 O000250 商品质量问题，要求全额退款', 'approved', '2026-03-13 17:20:26', '2026-03-13 17:20:26', '2026-03-15 17:20:26', 1, 15.88),
('A000028', 'C00098', 'O000080', 65.96, '客户取消订单 O000080，申请退款 ¥65.96（已扣除手续费）', 'rejected', '2026-05-19 09:26:02', '2026-05-19 09:26:02', '2026-05-21 09:26:02', 1, 13.01),
('A000029', 'C00044', 'O000403', 125.12, '客户取消订单 O000403，申请退款 ¥125.12（已扣除手续费）', 'approved', '2026-04-10 12:49:25', '2026-04-10 12:49:25', '2026-04-12 12:49:25', 1, 25.55),
('A000030', 'C00077', 'O000209', 485.35, '客户升级服务套餐，申请补差价优惠 ¥485.35', 'cancelled', '2026-05-21 12:23:47', '2026-05-21 12:23:47', '2026-05-23 12:23:47', 1, 24.78),
('A000031', 'C00032', 'O000363', 1272.27, '批量采购订单，客户申请企业折扣，总金额 ¥1272.27', 'approved', '2026-03-17 13:56:51', '2026-03-17 13:56:51', '2026-03-19 13:56:51', 2, 30.96),
('A000032', 'C00047', 'O000448', 53.26, '合同提前终止，客户要求按比例退还剩余服务费 ¥53.26', 'approved', '2026-03-25 11:01:29', '2026-03-25 11:01:29', '2026-03-27 11:01:29', 1, 21.12),
('A000033', 'C00094', 'O000228', 1673.05, '客户升级服务套餐，申请补差价优惠 ¥1673.05', 'pending', '2026-03-22 09:31:44', '2026-03-22 09:31:44', '2026-03-24 09:31:44', 2, 37.13),
('A000034', 'C00028', 'O000006', 155.7, '客户升级服务套餐，申请补差价优惠 ¥155.7', 'approved', '2026-03-03 11:19:51', '2026-03-03 11:19:51', '2026-03-05 11:19:51', 1, 18.86),
('A000035', 'C00035', 'O000243', 72.11, '客户账户异常冻结，申请解冻并补偿损失 ¥72.11', 'rejected', '2026-04-17 15:36:38', '2026-04-17 15:36:38', '2026-04-19 15:36:38', 1, 19.75),
('A000036', 'C00076', 'O000385', 285.4, 'VIP 客户申请特殊折扣，订单金额 ¥285.4，申请优惠 15%', 'pending', '2026-04-06 20:07:37', '2026-04-06 20:07:37', '2026-04-08 20:07:37', 1, 15.91),
('A000037', 'C00030', 'O000060', 1336.86, '客户取消订单 O000060，申请退款 ¥1336.86（已扣除手续费）', 'approved', '2026-03-27 12:20:37', '2026-03-27 12:20:37', '2026-03-29 12:20:37', 2, 44.02),
('A000038', 'C00070', 'O000048', 1658.68, '客户投诉订单 O000048 商品质量问题，要求全额退款', 'approved', '2026-05-05 16:44:47', '2026-05-05 16:44:47', '2026-05-07 16:44:47', 2, 32.98),
('A000039', 'C00064', 'O000006', 154.38, '系统故障导致重复扣费，客户要求退还多扣金额 ¥154.38', 'approved', '2026-05-04 16:57:43', '2026-05-04 16:57:43', '2026-05-06 16:57:43', 1, 25.99),
('A000040', 'C00041', 'O000042', 1671.39, '客户升级服务套餐，申请补差价优惠 ¥1671.39', 'cancelled', '2026-02-26 13:04:48', '2026-02-26 13:04:48', '2026-02-28 13:04:48', 2, 40.74),
('A000041', 'C00071', 'O000163', 271.03, '客户取消订单 O000163，申请退款 ¥271.03（已扣除手续费）', 'approved', '2026-05-20 15:46:00', '2026-05-20 15:46:00', '2026-05-22 15:46:00', 1, 26.52),
('A000042', 'C00041', 'O000114', 1235.42, '客户投诉订单 O000114 商品质量问题，要求全额退款', 'pending', '2026-04-01 10:21:35', '2026-04-01 10:21:35', '2026-04-03 10:21:35', 2, 53.22),
('A000043', 'C00094', 'O000486', 1421.04, '客户账户异常冻结，申请解冻并补偿损失 ¥1421.04', 'pending', '2026-04-23 16:36:58', '2026-04-23 16:36:58', '2026-04-25 16:36:58', 2, 48.21),
('A000044', 'C00051', 'O000262', 238.09, '客户取消订单 O000262，申请退款 ¥238.09（已扣除手续费）', 'approved', '2026-03-30 16:57:13', '2026-03-30 16:57:13', '2026-04-01 16:57:13', 1, 23.81),
('A000045', 'C00089', 'O000039', 1225.89, '合同提前终止，客户要求按比例退还剩余服务费 ¥1225.89', 'rejected', '2026-04-11 16:18:04', '2026-04-11 16:18:04', '2026-04-13 16:18:04', 2, 31.35),
('A000046', 'C00090', 'O000292', 1502.06, '客户升级服务套餐，申请补差价优惠 ¥1502.06', 'approved', '2026-05-04 16:54:45', '2026-05-04 16:54:45', '2026-05-06 16:54:45', 2, 56.0),
('A000047', 'C00028', 'O000341', 227.17, '客户账户异常冻结，申请解冻并补偿损失 ¥227.17', 'approved', '2026-04-09 12:26:48', '2026-04-09 12:26:48', '2026-04-11 12:26:48', 1, 27.31),
('A000048', 'C00022', 'O000054', 1928.59, '系统故障导致重复扣费，客户要求退还多扣金额 ¥1928.59', 'pending', '2026-04-25 05:34:48', '2026-04-25 05:34:48', '2026-04-27 05:34:48', 2, 36.58),
('A000049', 'C00085', 'O000482', 136.12, '客户投诉订单 O000482 商品质量问题，要求全额退款', 'pending', '2026-03-28 11:03:55', '2026-03-28 11:03:55', '2026-03-30 11:03:55', 1, 29.61),
('A000050', 'C00075', 'O000444', 298.5, '客户账户异常冻结，申请解冻并补偿损失 ¥298.5', 'pending', '2026-05-15 17:04:11', '2026-05-15 17:04:11', '2026-05-17 17:04:11', 1, 15.3),
('A000051', 'C00076', 'O000371', 231.86, '客户账户异常冻结，申请解冻并补偿损失 ¥231.86', 'pending', '2026-05-10 13:29:47', '2026-05-10 13:29:47', '2026-05-12 13:29:47', 1, 14.25),
('A000052', 'C00063', 'O000136', 440.59, '系统故障导致重复扣费，客户要求退还多扣金额 ¥440.59', 'approved', '2026-03-17 17:28:10', '2026-03-17 17:28:10', '2026-03-19 17:28:10', 1, 27.64),
('A000053', 'C00085', 'O000394', 141.44, '客户账户异常冻结，申请解冻并补偿损失 ¥141.44', 'pending', '2026-05-15 12:26:03', '2026-05-15 12:26:03', '2026-05-17 12:26:03', 1, 26.33),
('A000054', 'C00048', 'O000164', 386.33, '系统故障导致重复扣费，客户要求退还多扣金额 ¥386.33', 'approved', '2026-03-28 10:52:07', '2026-03-28 10:52:07', '2026-03-30 10:52:07', 1, 14.48),
('A000055', 'C00019', 'O000181', 94.95, '系统故障导致重复扣费，客户要求退还多扣金额 ¥94.95', 'pending', '2026-05-14 15:41:22', '2026-05-14 15:41:22', '2026-05-16 15:41:22', 1, 14.66),
('A000056', 'C00080', 'O000253', 151.93, 'VIP 客户申请特殊折扣，订单金额 ¥151.93，申请优惠 15%', 'cancelled', '2026-04-06 11:09:13', '2026-04-06 11:09:13', '2026-04-08 11:09:13', 1, 25.96),
('A000057', 'C00055', 'O000118', 1368.45, '客户投诉订单 O000118 商品质量问题，要求全额退款', 'approved', '2026-03-05 11:09:41', '2026-03-05 11:09:41', '2026-03-07 11:09:41', 2, 41.38),
('A000058', 'C00017', 'O000480', 137.69, '客户投诉订单 O000480 商品质量问题，要求全额退款', 'pending', '2026-05-06 16:18:27', '2026-05-06 16:18:27', '2026-05-08 16:18:27', 1, 25.39),
('A000059', 'C00040', 'O000047', 1208.93, '批量采购订单，客户申请企业折扣，总金额 ¥1208.93', 'approved', '2026-03-24 13:53:43', '2026-03-24 13:53:43', '2026-03-26 13:53:43', 2, 38.44),
('A000060', 'C00001', 'O000468', 119.79, '客户投诉订单 O000468 商品质量问题，要求全额退款', 'approved', '2026-04-06 22:01:56', '2026-04-06 22:01:56', '2026-04-08 22:01:56', 1, 28.34),
('A000061', 'C00043', 'O000329', 284.55, 'VIP 客户申请特殊折扣，订单金额 ¥284.55，申请优惠 15%', 'approved', '2026-03-23 13:59:09', '2026-03-23 13:59:09', '2026-03-25 13:59:09', 1, 25.31),
('A000062', 'C00090', 'O000395', 182.35, '客户取消订单 O000395，申请退款 ¥182.35（已扣除手续费）', 'approved', '2026-04-27 13:59:29', '2026-04-27 13:59:29', '2026-04-29 13:59:29', 1, 14.74),
('A000063', 'C00031', 'O000287', 451.69, '客户账户异常冻结，申请解冻并补偿损失 ¥451.69', 'approved', '2026-04-01 13:01:40', '2026-04-01 13:01:40', '2026-04-03 13:01:40', 1, 23.19),
('A000064', 'C00099', 'O000297', 265.39, '客户升级服务套餐，申请补差价优惠 ¥265.39', 'approved', '2026-05-21 16:09:23', '2026-05-21 16:09:23', '2026-05-23 16:09:23', 1, 24.16),
('A000065', 'C00034', 'O000276', 1025.64, 'VIP 客户申请特殊折扣，订单金额 ¥1025.64，申请优惠 15%', 'rejected', '2026-05-01 09:54:23', '2026-05-01 09:54:23', '2026-05-03 09:54:23', 2, 43.45),
('A000066', 'C00036', 'O000418', 406.74, '客户投诉订单 O000418 商品质量问题，要求全额退款', 'pending', '2026-04-02 17:46:18', '2026-04-02 17:46:18', '2026-04-04 17:46:18', 1, 27.01),
('A000067', 'C00037', 'O000114', 685.94, '客户账户异常冻结，申请解冻并补偿损失 ¥685.94', 'cancelled', '2026-03-01 18:36:23', '2026-03-01 18:36:23', '2026-03-03 18:36:23', 2, 54.88),
('A000068', 'C00086', 'O000183', 1315.5, '客户投诉订单 O000183 商品质量问题，要求全额退款', 'approved', '2026-05-03 20:59:47', '2026-05-03 20:59:47', '2026-05-05 20:59:47', 2, 56.21),
('A000069', 'C00044', 'O000275', 195.34, '合同提前终止，客户要求按比例退还剩余服务费 ¥195.34', 'pending', '2026-04-08 13:48:16', '2026-04-08 13:48:16', '2026-04-10 13:48:16', 1, 28.94),
('A000070', 'C00029', 'O000153', 994.51, '客户取消订单 O000153，申请退款 ¥994.51（已扣除手续费）', 'approved', '2026-04-12 15:14:01', '2026-04-12 15:14:01', '2026-04-14 15:14:01', 2, 59.87),
('A000071', 'C00038', 'O000475', 433.49, '客户投诉订单 O000475 商品质量问题，要求全额退款', 'pending', '2026-05-12 10:08:16', '2026-05-12 10:08:16', '2026-05-14 10:08:16', 1, 22.24),
('A000072', 'C00095', 'O000091', 334.89, '系统故障导致重复扣费，客户要求退还多扣金额 ¥334.89', 'approved', '2026-03-23 17:29:27', '2026-03-23 17:29:27', '2026-03-25 17:29:27', 1, 12.79),
('A000073', 'C00028', 'O000151', 1433.64, 'VIP 客户申请特殊折扣，订单金额 ¥1433.64，申请优惠 15%', 'approved', '2026-02-26 17:37:35', '2026-02-26 17:37:35', '2026-02-28 17:37:35', 2, 57.71),
('A000074', 'C00065', 'O000169', 334.52, '系统故障导致重复扣费，客户要求退还多扣金额 ¥334.52', 'approved', '2026-03-18 16:02:53', '2026-03-18 16:02:53', '2026-03-20 16:02:53', 1, 12.54),
('A000075', 'C00010', 'O000424', 2377.54, '客户取消订单 O000424，申请退款 ¥2377.54（已扣除手续费）', 'approved', '2026-04-22 12:36:57', '2026-04-22 12:36:57', '2026-04-24 12:36:57', 3, 82.15),
('A000076', 'C00028', 'O000390', 398.41, '客户升级服务套餐，申请补差价优惠 ¥398.41', 'approved', '2026-05-15 11:23:36', '2026-05-15 11:23:36', '2026-05-17 11:23:36', 1, 20.58),
('A000077', 'C00083', 'O000395', 233.82, '客户取消订单 O000395，申请退款 ¥233.82（已扣除手续费）', 'approved', '2026-03-18 10:40:44', '2026-03-18 10:40:44', '2026-03-20 10:40:44', 1, 24.54),
('A000078', 'C00089', 'O000141', 247.66, '客户升级服务套餐，申请补差价优惠 ¥247.66', 'pending', '2026-03-13 09:11:04', '2026-03-13 09:11:04', '2026-03-15 09:11:04', 1, 12.06),
('A000079', 'C00072', 'O000174', 303.33, '客户账户异常冻结，申请解冻并补偿损失 ¥303.33', 'pending', '2026-04-14 17:15:57', '2026-04-14 17:15:57', '2026-04-16 17:15:57', 1, 12.74),
('A000080', 'C00035', 'O000372', 226.03, '合同提前终止，客户要求按比例退还剩余服务费 ¥226.03', 'pending', '2026-03-10 09:26:57', '2026-03-10 09:26:57', '2026-03-12 09:26:57', 1, 19.68),
('A000081', 'C00099', 'O000008', 342.77, '批量采购订单，客户申请企业折扣，总金额 ¥342.77', 'approved', '2026-03-09 13:13:53', '2026-03-09 13:13:53', '2026-03-11 13:13:53', 1, 21.49),
('A000082', 'C00073', 'O000466', 219.26, '批量采购订单，客户申请企业折扣，总金额 ¥219.26', 'cancelled', '2026-05-12 09:42:54', '2026-05-12 09:42:54', '2026-05-14 09:42:54', 1, 25.34),
('A000083', 'C00032', 'O000265', 423.96, '批量采购订单，客户申请企业折扣，总金额 ¥423.96', 'pending', '2026-04-24 09:30:11', '2026-04-24 09:30:11', '2026-04-26 09:30:11', 1, 27.3),
('A000084', 'C00007', 'O000222', 473.58, '客户升级服务套餐，申请补差价优惠 ¥473.58', 'approved', '2026-04-10 15:59:35', '2026-04-10 15:59:35', '2026-04-12 15:59:35', 1, 15.15),
('A000085', 'C00083', 'O000069', 781.25, '系统故障导致重复扣费，客户要求退还多扣金额 ¥781.25', 'rejected', '2026-04-10 16:46:47', '2026-04-10 16:46:47', '2026-04-12 16:46:47', 2, 51.78),
('A000086', 'C00046', 'O000195', 801.48, '合同提前终止，客户要求按比例退还剩余服务费 ¥801.48', 'approved', '2026-03-30 15:16:18', '2026-03-30 15:16:18', '2026-04-01 15:16:18', 2, 38.4),
('A000087', 'C00009', 'O000043', 171.91, '客户取消订单 O000043，申请退款 ¥171.91（已扣除手续费）', 'approved', '2026-03-01 05:25:06', '2026-03-01 05:25:06', '2026-03-03 05:25:06', 1, 29.79),
('A000088', 'C00099', 'O000227', 1000.07, '批量采购订单，客户申请企业折扣，总金额 ¥1000.07', 'rejected', '2026-02-26 17:11:41', '2026-02-26 17:11:41', '2026-02-28 17:11:41', 2, 59.07),
('A000089', 'C00052', 'O000123', 185.75, '客户投诉订单 O000123 商品质量问题，要求全额退款', 'approved', '2026-05-10 12:09:07', '2026-05-10 12:09:07', '2026-05-12 12:09:07', 1, 10.33),
('A000090', 'C00005', 'O000459', 329.43, '客户账户异常冻结，申请解冻并补偿损失 ¥329.43', 'approved', '2026-04-16 12:36:02', '2026-04-16 12:36:02', '2026-04-18 12:36:02', 1, 26.81),
('A000091', 'C00014', 'O000463', 64.82, '客户投诉订单 O000463 商品质量问题，要求全额退款', 'pending', '2026-04-21 01:13:15', '2026-04-21 01:13:15', '2026-04-23 01:13:15', 1, 11.58),
('A000092', 'C00081', 'O000346', 1734.85, '客户升级服务套餐，申请补差价优惠 ¥1734.85', 'approved', '2026-04-20 16:55:49', '2026-04-20 16:55:49', '2026-04-22 16:55:49', 2, 31.9),
('A000093', 'C00092', 'O000392', 1818.55, '客户投诉订单 O000392 商品质量问题，要求全额退款', 'approved', '2026-03-09 16:39:14', '2026-03-09 16:39:14', '2026-03-11 16:39:14', 2, 38.47),
('A000094', 'C00064', 'O000300', 1873.41, '客户账户异常冻结，申请解冻并补偿损失 ¥1873.41', 'rejected', '2026-04-08 11:28:59', '2026-04-08 11:28:59', '2026-04-10 11:28:59', 2, 48.87),
('A000095', 'C00097', 'O000470', 6265.11, '客户投诉订单 O000470 商品质量问题，要求全额退款', 'approved', '2026-05-14 16:19:23', '2026-05-14 16:19:23', '2026-05-16 16:19:23', 3, 85.67),
('A000096', 'C00010', 'O000247', 793.38, '系统故障导致重复扣费，客户要求退还多扣金额 ¥793.38', 'pending', '2026-03-25 17:26:10', '2026-03-25 17:26:10', '2026-03-27 17:26:10', 2, 34.21),
('A000097', 'C00050', 'O000221', 1202.08, 'VIP 客户申请特殊折扣，订单金额 ¥1202.08，申请优惠 15%', 'approved', '2026-05-12 09:03:31', '2026-05-12 09:03:31', '2026-05-14 09:03:31', 2, 38.5),
('A000098', 'C00096', 'O000415', 909.58, '合同提前终止，客户要求按比例退还剩余服务费 ¥909.58', 'rejected', '2026-05-01 09:02:26', '2026-05-01 09:02:26', '2026-05-03 09:02:26', 2, 40.89),
('A000099', 'C00092', 'O000431', 239.28, '系统故障导致重复扣费，客户要求退还多扣金额 ¥239.28', 'approved', '2026-03-17 11:16:24', '2026-03-17 11:16:24', '2026-03-19 11:16:24', 1, 26.21),
('A000100', 'C00078', 'O000097', 62.08, '客户账户异常冻结，申请解冻并补偿损失 ¥62.08', 'pending', '2026-03-09 13:19:14', '2026-03-09 13:19:14', '2026-03-11 13:19:14', 1, 12.4),
('A000101', 'C00090', 'O000281', 115.01, 'VIP 客户申请特殊折扣，订单金额 ¥115.01，申请优惠 15%', 'approved', '2026-04-13 03:38:16', '2026-04-13 03:38:16', '2026-04-15 03:38:16', 1, 10.83),
('A000102', 'C00089', 'O000350', 271.44, '客户升级服务套餐，申请补差价优惠 ¥271.44', 'approved', '2026-04-30 11:05:49', '2026-04-30 11:05:49', '2026-05-02 11:05:49', 1, 18.04),
('A000103', 'C00030', 'O000321', 1612.5, 'VIP 客户申请特殊折扣，订单金额 ¥1612.5，申请优惠 15%', 'pending', '2026-04-29 22:03:10', '2026-04-29 22:03:10', '2026-05-01 22:03:10', 2, 42.52),
('A000104', 'C00100', 'O000332', 144.04, '合同提前终止，客户要求按比例退还剩余服务费 ¥144.04', 'pending', '2026-03-02 17:25:29', '2026-03-02 17:25:29', '2026-03-04 17:25:29', 1, 26.77),
('A000105', 'C00097', 'O000491', 7133.52, '系统故障导致重复扣费，客户要求退还多扣金额 ¥7133.52', 'approved', '2026-05-05 17:16:25', '2026-05-05 17:16:25', '2026-05-07 17:16:25', 3, 65.05),
('A000106', 'C00041', 'O000162', 650.74, '批量采购订单，客户申请企业折扣，总金额 ¥650.74', 'approved', '2026-03-15 14:04:01', '2026-03-15 14:04:01', '2026-03-17 14:04:01', 2, 41.1),
('A000107', 'C00014', 'O000420', 1582.37, '客户账户异常冻结，申请解冻并补偿损失 ¥1582.37', 'rejected', '2026-04-16 10:40:18', '2026-04-16 10:40:18', '2026-04-18 10:40:18', 2, 44.64),
('A000108', 'C00089', 'O000090', 1904.75, '批量采购订单，客户申请企业折扣，总金额 ¥1904.75', 'approved', '2026-04-23 10:38:29', '2026-04-23 10:38:29', '2026-04-25 10:38:29', 2, 56.76),
('A000109', 'C00016', 'O000491', 1608.63, '合同提前终止，客户要求按比例退还剩余服务费 ¥1608.63', 'approved', '2026-05-22 08:16:31', '2026-05-22 08:16:31', '2026-05-24 08:16:31', 2, 44.34),
('A000110', 'C00097', 'O000222', 278.47, 'VIP 客户申请特殊折扣，订单金额 ¥278.47，申请优惠 15%', 'approved', '2026-04-04 22:54:36', '2026-04-04 22:54:36', '2026-04-06 22:54:36', 1, 19.74),
('A000111', 'C00048', 'O000168', 143.73, '客户取消订单 O000168，申请退款 ¥143.73（已扣除手续费）', 'pending', '2026-03-31 17:41:53', '2026-03-31 17:41:53', '2026-04-02 17:41:53', 1, 24.67),
('A000112', 'C00036', 'O000230', 485.29, '客户账户异常冻结，申请解冻并补偿损失 ¥485.29', 'rejected', '2026-04-13 17:12:25', '2026-04-13 17:12:25', '2026-04-15 17:12:25', 1, 26.87),
('A000113', 'C00005', 'O000208', 136.96, '客户取消订单 O000208，申请退款 ¥136.96（已扣除手续费）', 'approved', '2026-02-25 08:51:05', '2026-02-25 08:51:05', '2026-02-27 08:51:05', 1, 16.26),
('A000114', 'C00068', 'O000481', 263.85, '合同提前终止，客户要求按比例退还剩余服务费 ¥263.85', 'approved', '2026-04-09 02:12:27', '2026-04-09 02:12:27', '2026-04-11 02:12:27', 1, 26.73),
('A000115', 'C00029', 'O000419', 6459.42, 'VIP 客户申请特殊折扣，订单金额 ¥6459.42，申请优惠 15%', 'approved', '2026-02-27 09:01:54', '2026-02-27 09:01:54', '2026-03-01 09:01:54', 3, 79.97),
('A000116', 'C00058', 'O000232', 73.87, 'VIP 客户申请特殊折扣，订单金额 ¥73.87，申请优惠 15%', 'pending', '2026-02-25 00:57:00', '2026-02-25 00:57:00', '2026-02-27 00:57:00', 1, 29.16),
('A000117', 'C00084', 'O000467', 441.18, '批量采购订单，客户申请企业折扣，总金额 ¥441.18', 'rejected', '2026-04-02 05:33:56', '2026-04-02 05:33:56', '2026-04-04 05:33:56', 1, 12.2),
('A000118', 'C00095', 'O000454', 220.57, '批量采购订单，客户申请企业折扣，总金额 ¥220.57', 'approved', '2026-02-27 14:35:20', '2026-02-27 14:35:20', '2026-03-01 14:35:20', 1, 23.53),
('A000119', 'C00030', 'O000062', 1065.64, '合同提前终止，客户要求按比例退还剩余服务费 ¥1065.64', 'approved', '2026-03-30 12:49:21', '2026-03-30 12:49:21', '2026-04-01 12:49:21', 2, 59.32),
('A000120', 'C00024', 'O000111', 1488.2, '客户投诉订单 O000111 商品质量问题，要求全额退款', 'rejected', '2026-03-22 12:13:51', '2026-03-22 12:13:51', '2026-03-24 12:13:51', 2, 36.83),
('A000121', 'C00033', 'O000082', 535.29, '客户投诉订单 O000082 商品质量问题，要求全额退款', 'approved', '2026-05-08 09:12:28', '2026-05-08 09:12:28', '2026-05-10 09:12:28', 2, 54.62),
('A000122', 'C00046', 'O000071', 1648.36, '客户升级服务套餐，申请补差价优惠 ¥1648.36', 'approved', '2026-04-30 17:41:38', '2026-04-30 17:41:38', '2026-05-02 17:41:38', 2, 50.34),
('A000123', 'C00020', 'O000457', 399.12, '客户取消订单 O000457，申请退款 ¥399.12（已扣除手续费）', 'approved', '2026-04-15 16:11:58', '2026-04-15 16:11:58', '2026-04-17 16:11:58', 1, 19.24),
('A000124', 'C00051', 'O000327', 402.91, '客户账户异常冻结，申请解冻并补偿损失 ¥402.91', 'cancelled', '2026-04-27 07:27:33', '2026-04-27 07:27:33', '2026-04-29 07:27:33', 1, 25.3),
('A000125', 'C00086', 'O000367', 424.27, '系统故障导致重复扣费，客户要求退还多扣金额 ¥424.27', 'approved', '2026-05-16 15:46:55', '2026-05-16 15:46:55', '2026-05-18 15:46:55', 1, 25.85),
('A000126', 'C00055', 'O000096', 215.27, '系统故障导致重复扣费，客户要求退还多扣金额 ¥215.27', 'approved', '2026-05-12 15:08:58', '2026-05-12 15:08:58', '2026-05-14 15:08:58', 1, 22.75),
('A000127', 'C00014', 'O000215', 326.19, '合同提前终止，客户要求按比例退还剩余服务费 ¥326.19', 'rejected', '2026-04-24 15:57:20', '2026-04-24 15:57:20', '2026-04-26 15:57:20', 1, 19.56),
('A000128', 'C00049', 'O000195', 1506.61, '系统故障导致重复扣费，客户要求退还多扣金额 ¥1506.61', 'approved', '2026-03-16 21:39:35', '2026-03-16 21:39:35', '2026-03-18 21:39:35', 2, 48.03),
('A000129', 'C00079', 'O000494', 165.38, '批量采购订单，客户申请企业折扣，总金额 ¥165.38', 'pending', '2026-05-05 18:30:16', '2026-05-05 18:30:16', '2026-05-07 18:30:16', 1, 24.32),
('A000130', 'C00078', 'O000500', 325.52, '合同提前终止，客户要求按比例退还剩余服务费 ¥325.52', 'pending', '2026-04-09 22:11:34', '2026-04-09 22:11:34', '2026-04-11 22:11:34', 1, 26.64),
('A000131', 'C00052', 'O000070', 218.48, 'VIP 客户申请特殊折扣，订单金额 ¥218.48，申请优惠 15%', 'rejected', '2026-03-19 10:47:17', '2026-03-19 10:47:17', '2026-03-21 10:47:17', 1, 11.21),
('A000132', 'C00080', 'O000020', 402.13, '客户取消订单 O000020，申请退款 ¥402.13（已扣除手续费）', 'approved', '2026-05-12 15:08:04', '2026-05-12 15:08:04', '2026-05-14 15:08:04', 1, 23.07),
('A000133', 'C00082', 'O000007', 5393.82, '系统故障导致重复扣费，客户要求退还多扣金额 ¥5393.82', 'rejected', '2026-05-21 13:11:25', '2026-05-21 13:11:25', '2026-05-23 13:11:25', 3, 93.54),
('A000134', 'C00007', 'O000443', 192.79, '客户取消订单 O000443，申请退款 ¥192.79（已扣除手续费）', 'rejected', '2026-02-27 14:06:47', '2026-02-27 14:06:47', '2026-03-01 14:06:47', 1, 28.45),
('A000135', 'C00021', 'O000237', 174.86, '客户账户异常冻结，申请解冻并补偿损失 ¥174.86', 'approved', '2026-03-29 19:00:16', '2026-03-29 19:00:16', '2026-03-31 19:00:16', 1, 11.07),
('A000136', 'C00023', 'O000099', 1747.33, '合同提前终止，客户要求按比例退还剩余服务费 ¥1747.33', 'rejected', '2026-05-18 05:23:12', '2026-05-18 05:23:12', '2026-05-20 05:23:12', 2, 41.48),
('A000137', 'C00100', 'O000097', 283.88, '客户投诉订单 O000097 商品质量问题，要求全额退款', 'approved', '2026-04-18 00:10:15', '2026-04-18 00:10:15', '2026-04-20 00:10:15', 1, 23.6),
('A000138', 'C00048', 'O000193', 5782.31, '客户账户异常冻结，申请解冻并补偿损失 ¥5782.31', 'approved', '2026-03-31 17:30:28', '2026-03-31 17:30:28', '2026-04-02 17:30:28', 3, 66.43),
('A000139', 'C00086', 'O000122', 461.77, '客户取消订单 O000122，申请退款 ¥461.77（已扣除手续费）', 'pending', '2026-02-25 01:49:47', '2026-02-25 01:49:47', '2026-02-27 01:49:47', 1, 17.34),
('A000140', 'C00010', 'O000486', 96.47, '客户取消订单 O000486，申请退款 ¥96.47（已扣除手续费）', 'approved', '2026-04-13 09:33:14', '2026-04-13 09:33:14', '2026-04-15 09:33:14', 1, 21.17),
('A000141', 'C00072', 'O000298', 1038.96, '批量采购订单，客户申请企业折扣，总金额 ¥1038.96', 'approved', '2026-05-05 04:11:09', '2026-05-05 04:11:09', '2026-05-07 04:11:09', 2, 41.87),
('A000142', 'C00068', 'O000471', 262.27, '客户取消订单 O000471，申请退款 ¥262.27（已扣除手续费）', 'pending', '2026-05-14 06:58:58', '2026-05-14 06:58:58', '2026-05-16 06:58:58', 1, 28.94),
('A000143', 'C00034', 'O000208', 120.52, 'VIP 客户申请特殊折扣，订单金额 ¥120.52，申请优惠 15%', 'approved', '2026-04-03 09:38:19', '2026-04-03 09:38:19', '2026-04-05 09:38:19', 1, 12.43),
('A000144', 'C00023', 'O000474', 399.3, '系统故障导致重复扣费，客户要求退还多扣金额 ¥399.3', 'rejected', '2026-04-27 17:27:24', '2026-04-27 17:27:24', '2026-04-29 17:27:24', 1, 22.28),
('A000145', 'C00086', 'O000034', 236.1, '客户账户异常冻结，申请解冻并补偿损失 ¥236.1', 'pending', '2026-05-13 04:33:38', '2026-05-13 04:33:38', '2026-05-15 04:33:38', 1, 13.7),
('A000146', 'C00015', 'O000341', 129.71, '客户升级服务套餐，申请补差价优惠 ¥129.71', 'pending', '2026-04-08 16:04:18', '2026-04-08 16:04:18', '2026-04-10 16:04:18', 1, 22.13),
('A000147', 'C00001', 'O000037', 144.56, '客户投诉订单 O000037 商品质量问题，要求全额退款', 'approved', '2026-04-04 09:04:20', '2026-04-04 09:04:20', '2026-04-06 09:04:20', 1, 28.78),
('A000148', 'C00022', 'O000161', 1674.67, '客户取消订单 O000161，申请退款 ¥1674.67（已扣除手续费）', 'rejected', '2026-04-29 17:48:02', '2026-04-29 17:48:02', '2026-05-01 17:48:02', 2, 42.29),
('A000149', 'C00055', 'O000358', 433.91, '客户投诉订单 O000358 商品质量问题，要求全额退款', 'pending', '2026-03-09 13:58:11', '2026-03-09 13:58:11', '2026-03-11 13:58:11', 1, 14.3),
('A000150', 'C00045', 'O000091', 152.3, '客户投诉订单 O000091 商品质量问题，要求全额退款', 'pending', '2026-03-30 02:41:27', '2026-03-30 02:41:27', '2026-04-01 02:41:27', 1, 21.24);

-- ============================================================
-- 数据统计
-- ============================================================
SELECT 'customers' as table_name, COUNT(*) as count FROM business.customers
UNION ALL SELECT 'orders', COUNT(*) FROM business.orders
UNION ALL SELECT 'tickets', COUNT(*) FROM business.tickets
UNION ALL SELECT 'approvals', COUNT(*) FROM business.approvals;
